username, created_at, lng, lat, text
Parsonsbri, Fri Jan 29 04:49:30 +0000 2021, -82.019303, 41.448505, @karaswisher so great spot on the 11th hour. But you stopped at the Reddit folks  taking down the big guys. Except,‚Ä¶ https://t.co/TVVPTj0I4E 
GodlyMori, Fri Jan 29 04:49:35 +0000 2021, 126.966944, 37.028537, GameStop trying to make amends for all the money they use to steal 
QueenBeeMedia, Fri Jan 29 04:49:41 +0000 2021, -93.361321, 46.441861, @nottrump1970 @NotBarron1946 Hey beautiful ü§© Take your time, Twitter likes to @jack us ... Well, you know !? üêù‚Ä¶ https://t.co/wjoxMkp80n 
HBS_Eric, Fri Jan 29 04:49:51 +0000 2021, 114.195884, 22.321321, Manipulation of stock prices. 
ItsMeJonRamos, Fri Jan 29 04:51:24 +0000 2021, -122.362414, 37.948843, https://t.co/6Iy4l0WkYO 
paulmeadors, Fri Jan 29 04:51:24 +0000 2021, -119.782465, 36.786042, Just recorded a fun and story-filled podcast with former TRAC baseball stars and current minor leaguers Trenton Kem‚Ä¶ https://t.co/JKdAESTGsJ 
acapri114, Fri Jan 29 04:51:24 +0000 2021, -73.849441, 40.850347, Please read the whole thread. 
j9silvis, Fri Jan 29 04:51:24 +0000 2021, -122.031186, 36.979375, @TarotByBronx Those are just different flavors of hoes. 
GregMillsTVNews, Fri Jan 29 04:51:24 +0000 2021, -111.880874, 33.282450, @timringTV Yes! Easy solution to a lotta misses. 
kschomaeker, Fri Jan 29 04:51:24 +0000 2021, -86.791549, 36.200008, Also, Sincere Engineer. 
TrusteeDAmico, Fri Jan 29 04:51:25 +0000 2021, -79.272570, 43.629311, #BellLetsTalk a 
h8maya, Fri Jan 29 04:51:25 +0000 2021, -85.391350, 40.197240, i‚Äôm about to spoil myself.. i deserve it 
mathieu_boy, Fri Jan 29 04:51:25 +0000 2021, -84.266174, 30.476216, @Simpliiic You too??? Let‚Äôs go get em lmao 
fergalcarr, Fri Jan 29 04:51:25 +0000 2021, -73.968542, 40.780709, @donie You're at the race course with your broke mate, he asks to borrow 20 but doesn't tell you what for. He bets‚Ä¶ https://t.co/FnI59gMai7 
ayelvington, Fri Jan 29 04:51:25 +0000 2021, -77.604684, 41.117936, #BellLetsTalk hash tag lets Bell know that you care about mental health awareness. Spread the word and show some lo‚Ä¶ https://t.co/e6PAQfvJdL 
davis_danziger, Fri Jan 29 04:51:25 +0000 2021, -97.754724, 30.323346, Percolating here.. adding more #doge https://t.co/c3jWTJQEKP 
DebsWombat, Fri Jan 29 04:51:25 +0000 2021, -123.120033, 49.098261, @CoolOldSwag @StomperGouldie You take your fun where you can get it, I guess. üòÅ 
lilllgoblin, Fri Jan 29 04:51:25 +0000 2021, -86.791549, 36.200008, moving to sweden 
jkaufmanconsult, Fri Jan 29 04:51:25 +0000 2021, -73.337097, 40.803076, @digHBS https://t.co/hAhoJbbFyv 
lyssa_acuna01, Fri Jan 29 04:51:25 +0000 2021, -97.432425, 27.737151, same BUT different.üòå https://t.co/jU7mHmmCjD 
Seybold24, Fri Jan 29 04:51:26 +0000 2021, -85.768241, 37.822244, @soledadobrien Jimmy neutron in real life üòÇüòÇüòÇüòÇ 
itsnamtran, Fri Jan 29 04:51:26 +0000 2021, -82.302488, 27.992636, No body got you like you do. 
Manic_Marge, Fri Jan 29 04:51:26 +0000 2021, -117.104989, 32.810012, @hoofhrtd1254 Yes, back in September but may change a few things 
turbofan111, Fri Jan 29 04:51:26 +0000 2021, -77.014398, 38.898603, Democrats win and democrats get upset over hangnails. The man isn't  naive. He knows he needs legislation. Was a se‚Ä¶ https://t.co/s82m4kljlr 
elijahdavid613, Fri Jan 29 04:51:26 +0000 2021, -94.525551, 38.875934, @JasonABowman It seemed to be a fantastic rollout. One of the fastest I‚Äôve seen. Those supers are sharp! 
JamRock1021, Fri Jan 29 04:51:26 +0000 2021, -122.450163, 47.259067, Photo by @bygfoto @ Wright Park, Tacoma, Wa https://t.co/s0bkXfQpq7 
Dw3ght, Fri Jan 29 04:51:26 +0000 2021, -83.399779, 33.956384, T.I. Tiny?!?!? https://t.co/eowon4W39G 
jperlow, Fri Jan 29 04:51:26 +0000 2021, -80.249773, 26.270261, I should probably call it a night or even a year on Twitter because I‚Äôll never send a tweet that good ever again https://t.co/OjEMnbUbJa 
cjmarley, Fri Jan 29 04:51:26 +0000 2021, -119.708769, 39.523309, Sometime saw some snow today. https://t.co/BFxmN2xzym 
cinderchellaaa, Fri Jan 29 04:51:27 +0000 2021, -83.804475, 27.698682, Are you saying that my comment was inappropriate https://t.co/DdtUFq1mCe 
Danielle_eeee, Fri Jan 29 04:51:27 +0000 2021, -98.540651, 29.417501, Just scan all your receipts &amp; you‚Äôll earn giftcards ü§© 
BryceCapone_, Fri Jan 29 04:51:27 +0000 2021, -78.987878, 35.141397, Lmfaooo 
LobosJimmy, Fri Jan 29 04:51:27 +0000 2021, -118.156711, 33.809172, Thank you Kike! üò≠üò≠üò≠ @kikehndez 
Varivango, Fri Jan 29 04:51:27 +0000 2021, -83.173867, 32.678207, Up up 
kallMeSushi, Fri Jan 29 04:51:27 +0000 2021, -82.985772, 39.994684, @BibsCorner Whatd you get out at? 
K3LENDRIA, Fri Jan 29 04:51:27 +0000 2021, -89.876449, 32.571032, i want some braidsss. ü§® 
TainoChris, Fri Jan 29 04:51:27 +0000 2021, -121.873730, 37.331159, Thanks God! I knew it! üí™üèæ 
CliffTheSav, Fri Jan 29 04:51:27 +0000 2021, -122.296489, 47.442583, The law applies to everyone 
fauvescraper, Fri Jan 29 04:51:27 +0000 2021, -122.435979, 37.770657, @darkforeigner Yep they are a rare san francisco treat to find while scouring under old logs during winter here. Al‚Ä¶ https://t.co/yZ6VHLcllR 
vickielowens, Fri Jan 29 04:51:27 +0000 2021, -95.446486, 29.838495, I‚Äôm so grateful that I lived during an era of great artist &amp; performers. Cecily Tyson was a profound actor who will‚Ä¶ https://t.co/2P1F0X1Icw 
Robcat72, Fri Jan 29 04:51:28 +0000 2021, -98.319925, 38.498196, https://t.co/tmYvXVKWa9 
sir_marcell, Fri Jan 29 04:51:27 +0000 2021, -84.433106, 33.767195, Lmao thanks! 
unholy_high, Fri Jan 29 04:51:28 +0000 2021, -73.948775, 40.655138, not the awkward I got the kids speech 
twogunz81, Fri Jan 29 04:51:28 +0000 2021, -73.948775, 40.655138, @Chipmunk_Fairy Yo forgot to tell you I caught up on Jujustu Kaisen ooooooo my god 
AyeYoD1Flem, Fri Jan 29 04:51:28 +0000 2021, -81.469684, 28.586642, https://t.co/iQJ85141TP 
Amiya_Bby, Fri Jan 29 04:51:28 +0000 2021, -85.708795, 42.897879, ü•≥ü§£ 
jcos6702, Fri Jan 29 04:51:28 +0000 2021, -75.072719, 39.751655, @Lance_G11 He was tonight 
admcgregor85, Fri Jan 29 04:51:28 +0000 2021, -96.761753, 32.819858, @AdamHDomby @HC_Richardson I believe it‚Äôs called a ‚Äúclown question‚Äù https://t.co/pQQYrZvTQn 
emili_anaaaa, Fri Jan 29 04:51:29 +0000 2021, -122.228685, 37.791994, that was a great looking penis omfg 
DAMNBratt, Fri Jan 29 04:51:29 +0000 2021, -84.853542, 38.187468, Yall go look at my new site tho ü•∞https://t.co/Znhtcsairh 
janetvuong, Fri Jan 29 04:51:29 +0000 2021, -118.411907, 34.020789, ü§£ü§£üòàüòà 
charles__tyler, Fri Jan 29 04:51:29 +0000 2021, -74.066663, 40.718001, @G_Burrito please drive me home bro 
JamesStonebarg4, Fri Jan 29 04:51:29 +0000 2021, -98.716992, 35.309047, @LoisAnita Day hell I would spend the rest of my life with you 
PittBullFitness, Fri Jan 29 04:51:29 +0000 2021, -73.978000, 40.687880, Just posted a video @ Crunch Fitness https://t.co/06uYObOg9D 
ToddSheets, Fri Jan 29 04:51:29 +0000 2021, -83.026989, 42.492846, @laurenboebert https://t.co/LdtvwpbLMP 
PattiJ26089081, Fri Jan 29 04:51:29 +0000 2021, -120.583402, 44.145437, @Cori_Sigma @scruffkit Where did you get a baby? 
joshalbertson01, Fri Jan 29 04:51:29 +0000 2021, -97.754724, 30.323346, https://t.co/kX7n54NjSJ 
carlaroseee, Fri Jan 29 04:51:30 +0000 2021, -96.761753, 32.819858, Blunts &amp; wine with my real ass bitches 
imtheonlycyriah, Fri Jan 29 04:51:30 +0000 2021, -73.948775, 40.655138, @Xx_notAJ_xX PFFFT- 
RaulFigueiredo_, Fri Jan 29 04:51:30 +0000 2021, -74.184848, 40.734494, @LeandroResLac Sim migo , to com o mesmo √≥culos faz 5 anos kkkkk ai quebrei ontem 
krystel__, Fri Jan 29 04:51:30 +0000 2021, -116.929102, 32.332876, Right now ‚ú®üëá ¬°ca√≠ganle! 
arturo_mrx, Fri Jan 29 04:51:30 +0000 2021, -118.411907, 34.020789, üòÇ https://t.co/XRmtE5jzSM 
Merchita_62, Fri Jan 29 04:51:30 +0000 2021, -98.245675, 26.240690, @HLGatell es un pobre pen...dejo la palabra para otra ocasi√≥n, tambi√©n le dar√° su embolia cerebral por‚Ä¶ https://t.co/KHnnqXKtqK 
Garyfossel, Fri Jan 29 04:51:30 +0000 2021, -117.320879, 33.226316, @Ibishblog Shes awesome after the shit show from trump. It‚Äôs nice having honesty and clarity 
daniel_alv11, Fri Jan 29 04:51:30 +0000 2021, -97.754724, 30.323346, @JoeXdestino Okaaaaaaaaaay https://t.co/nYlAyrkOxv 
Robbsmoove, Fri Jan 29 04:51:30 +0000 2021, -98.540651, 29.417501, @chrisbbyy üèÜüèÜüèÜ 
betullkilic, Fri Jan 29 04:51:30 +0000 2021, -71.021340, 42.256124, #dogecoin 1$ olursa sevgilim bana istediƒüim √ßama≈üƒ±r sepetini alacaküòÇ 
GNIK_SUIRAD, Fri Jan 29 04:51:30 +0000 2021, -86.964489, 33.376113, @APE_Debater06 Oh you about to find out ü§£ 
DerekForReal420, Fri Jan 29 04:51:30 +0000 2021, -82.596627, 39.736975, @NoelMarks10 @MeghanMcCain Yes for sure üòÇüòÜ I don't know what she was thinking ü§î but maybe she needs to send a pic t‚Ä¶ https://t.co/E4NzW9PUCd 
ShaneHendren, Fri Jan 29 04:51:30 +0000 2021, -106.674128, 35.085613, Just posted a photo @ Bosque along the Rio Grande https://t.co/lZIIf0zzq5 
DurhamSoccer5, Fri Jan 29 04:51:30 +0000 2021, -115.133373, 36.249124, @Joshwap_ I just watched it 
IanCASS30649034, Fri Jan 29 04:51:30 +0000 2021, -96.761753, 32.819858, I believe when Rebecca Hall says Kong won't bow to nobody is the final scene, I believe they go there own way. This‚Ä¶ https://t.co/yKEiVpfOHe 
Oh_Wise1, Fri Jan 29 04:51:30 +0000 2021, -98.540651, 29.417501, https://t.co/nNrJIAfGko 
twowheelsg, Fri Jan 29 04:51:30 +0000 2021, -73.831187, 40.670879, Take the lane, for real.#morespaceQBB https://t.co/rBLeSUIGXs 
The_Chris_Cowan, Fri Jan 29 04:51:31 +0000 2021, -85.978600, 35.830522, @James78141017 Lots of jaded comments. Invest in real things. Quit being angry and giving up because the false prem‚Ä¶ https://t.co/Xa6t4nx4v8 
beansinacup, Fri Jan 29 04:51:31 +0000 2021, -122.435979, 37.770657, Idc how expensive Cali gets, ima buy a home here regardless 
LindaMSykes1, Fri Jan 29 04:51:31 +0000 2021, -70.873345, 41.625172, @Jim_Jordan Questions: #1..if now is not the time to impeach tRUMP, when is? Or should we wait to see if he runs ag‚Ä¶ https://t.co/uSMvOrSn3I 
RoadhouseMossSC, Fri Jan 29 04:51:31 +0000 2021, -82.669467, 40.365160, @NathanLeeDillon We designed the shirt based off the year and what we are dealing with. 
PjEddinger, Fri Jan 29 04:51:31 +0000 2021, -122.630908, 45.536402, Chris ticker is a fool. He said ‚Äù... put Lebronze on there‚Äù ü§£ 
Oliviahmoreland, Fri Jan 29 04:51:31 +0000 2021, -96.361318, 33.159296, @whitakerh14 give me their address who tf 
LarryMadowo, Fri Jan 29 04:51:31 +0000 2021, -77.014398, 38.898603, The former reality TV star is expected to remain active in politics and could run again in 2024 
blackinthelab, Fri Jan 29 04:51:31 +0000 2021, -118.408990, 34.006012, finally reached 10K https://t.co/S4y1Wjo9Oe 
thipsher85, Fri Jan 29 04:51:32 +0000 2021, -89.266508, 39.739300, @Lamantha21 I will bet you an autographed jersey that it's not you. üòâ 
aibylopezbeauty, Fri Jan 29 04:51:32 +0000 2021, -100.910642, 32.718577, @TooFaced  #makeup #makeupartist #makeupaddict #makeuplooks #makeuplover #beauty #BeautyAndTheBeast #latina‚Ä¶ https://t.co/ZAAjV8jDDi 
zee_jay_, Fri Jan 29 04:51:32 +0000 2021, -98.540651, 29.417501, This gone be my first year paying taxes instead of getting taxes ü•∫ fuck it, having property is big girl moves 
MrCasalinuovo, Fri Jan 29 04:51:32 +0000 2021, -82.985772, 39.994684, So, we're not going to talk about @PressSec throwing up the "W P" sign? @Timcast, @HotepJesus, @ConceptualJames,‚Ä¶ https://t.co/CEwC7gYKuP 
rev_jonas, Fri Jan 29 04:51:32 +0000 2021, -83.173867, 32.678207, wore what i was gonna wear to my date tonight but just ended up lookin hot af dropping my boss off at a leg doctor‚Ä¶ https://t.co/Jilh7T8TOu 
Divinedynvsty, Fri Jan 29 04:51:32 +0000 2021, -75.770041, 42.746617, üñ§ü§çüñ§ https://t.co/uDttDLGri5 
SIRIREAL, Fri Jan 29 04:51:32 +0000 2021, -79.674847, 44.371263, #BellLetsTalk 
Natashaicwhatud, Fri Jan 29 04:51:32 +0000 2021, -100.076888, 31.168893, https://t.co/iFzZ9KeE6x 
DanyAdamemoren1, Fri Jan 29 04:51:32 +0000 2021, -100.293591, 25.641718, @IsraelBarboza13 Pos nada m√°s que no se enoje tu novia 
Laura29545632, Fri Jan 29 04:51:32 +0000 2021, -82.985772, 39.994684, @Lesdoggg Some of our saddest days ever!!! 
UhKear, Fri Jan 29 04:51:32 +0000 2021, -79.002112, 35.054627, January might not be slow like usual but it‚Äôs still wild as hell though üòÇ 
Loganlouie, Fri Jan 29 04:51:33 +0000 2021, -83.173867, 32.678207, But @andbox_official tho üëÄ 
daisyjuggalot, Fri Jan 29 04:51:33 +0000 2021, -80.178392, 26.039680, I‚Äôm in this ghetto club, and everyone looks super ratchet and the music is horrible. This why I be home in bed djing my lil pussy üò© 
Gjkalisz, Fri Jan 29 04:51:33 +0000 2021, -77.014398, 38.898603, @SamTGarber straight out of GQ https://t.co/2nw9LxoSQo 
digitaldad, Fri Jan 29 04:51:33 +0000 2021, -122.149768, 47.597856, https://t.co/yefNoqz3A7 
ThatDamn_La, Fri Jan 29 04:51:33 +0000 2021, -84.795481, 31.774144, Can I just be in my dream house already üò≠üò©üò© 
mariacueto51, Fri Jan 29 04:51:33 +0000 2021, -73.667110, 40.631403, @KarinaDelaOz @indignadouasd @donfelixSPM Exacto.!! 
Sylvaners, Fri Jan 29 04:51:33 +0000 2021, -88.142512, 41.519556, @fred_guttenberg @GOPLeader The face of crazy QANON conspiracy theorists. 
Mr_Mooshhhh, Fri Jan 29 04:51:33 +0000 2021, -81.550398, 41.474967, @sarah_micheleg Let me know what you think, if you've seen it, or after you watch it. 
FlorcitaRocket, Fri Jan 29 04:51:33 +0000 2021, -115.579879, 30.156488, @sruiz142 @hot_by_nature Jijijiji 
WALLEYSZN, Fri Jan 29 04:51:33 +0000 2021, -80.926628, 33.631140, @jasonfromclt üëãüèæ 
LeavieS7414, Fri Jan 29 04:51:34 +0000 2021, -87.632496, 41.883222, Malcolm X was an African American Muslim minister and human rights activist who was a popular figure during the civ‚Ä¶ https://t.co/jUMcAudgqy 
lancemealer, Fri Jan 29 04:51:34 +0000 2021, -84.235300, 33.544300, This is just too cute!!! I HAD to share! Hopper it makes you smile! @ Stockbridge, Georgia https://t.co/1VxcjShgfx 
muckbearpig, Fri Jan 29 04:51:34 +0000 2021, -117.104989, 32.810012, @petescardsales @HobbyConnector ALL 
zepdama, Fri Jan 29 04:51:34 +0000 2021, -122.228685, 37.791994, bitches out here stay pushing my buttons 
heyguyfox5, Fri Jan 29 04:51:34 +0000 2021, -117.104989, 32.810012, I never thought that the parody Twitter acct that I could have set up in this 3rd week of 2021 would have been‚Ä¶ https://t.co/FWYL2YoBRh 
opheliaslumbers, Fri Jan 29 04:51:34 +0000 2021, -70.232964, 43.595360, @J_Motoki Exactly! 
robtnolen, Fri Jan 29 04:51:34 +0000 2021, -95.189469, 29.511978, @FrankLuntz Remember the Democrat rep who inquired if Guam was going to fall over? 
BySeanDevlin, Fri Jan 29 04:51:34 +0000 2021, -73.968542, 40.780709, @patpik @kurtwearshats @kathleenkatkath I‚Äôve lived in New York City for six years...and I hold my stance. Because m‚Ä¶ https://t.co/El1wxuVABQ 
dee_uh_na, Fri Jan 29 04:51:34 +0000 2021, -84.200392, 31.224748, Umma be so drunk tomorrow ‚ôíÔ∏è‚ôíÔ∏è‚ôíÔ∏èü•≥ü•≥ü•≥ 
FeezleMania, Fri Jan 29 04:51:34 +0000 2021, -115.223125, 36.232915, THANK YOU THANK YOU THANK YOU!!! Nigga was alone on his birthday last year couldn‚Äôt do SHITE! 
_AlexandriaaaB, Fri Jan 29 04:51:34 +0000 2021, -87.382054, 39.457639, @TierraD16 IkrüòÇüòÇüòÇ 
micholvera13, Fri Jan 29 04:51:35 +0000 2021, -100.196134, 25.676603, 0 remates a gol. Y la semana pasada mando callar a la gente. üòÇ 
joel_romitopena, Fri Jan 29 04:51:35 +0000 2021, -74.153947, 40.572376, Lebron james is the goat üêê 
mutualimbored, Fri Jan 29 04:51:35 +0000 2021, -119.306608, 37.269176, just remembered i left half a cheese pizza in my painting studio last week 
elixsolis, Fri Jan 29 04:51:35 +0000 2021, -119.203795, 34.159711, i love doing this to my man ugh üòçüòè 
kolisach, Fri Jan 29 04:51:35 +0000 2021, -98.319925, 38.498196, @karencheee All day today. All day. https://t.co/hcl1G7nhCB 
DeaconBlues16, Fri Jan 29 04:51:35 +0000 2021, -86.270540, 45.001180, Me, after noticing the Parler app on someone's phone. https://t.co/IZ86aNCnsa 
Cisccoo__, Fri Jan 29 04:51:36 +0000 2021, -121.469664, 38.561722, I‚Äôm industrial revolution level tired rn 
RiderCamden, Fri Jan 29 04:51:36 +0000 2021, -122.230474, 47.221013, And they‚Äôre saving millions of $$$$ 
DFlex2123, Fri Jan 29 04:51:36 +0000 2021, -74.153947, 40.572376, @LeafsgirlSteph I am good. Real excited for Lafreniere. 
imfmw3, Fri Jan 29 04:51:36 +0000 2021, -81.367773, 28.501678, Quick! Somebody ask about @POTUS @JoeBiden 's Rolex to change the subject!! 
SkylieJ_, Fri Jan 29 04:51:36 +0000 2021, -84.433106, 33.767195, Need a Dominican salon in Atlanta üßê 
seanspeltright, Fri Jan 29 04:51:36 +0000 2021, -83.804475, 27.698682, no we chasing a bag rn 
ooziespit, Fri Jan 29 04:51:36 +0000 2021, -120.063829, 36.963741, A lot of SIMP activity happening recently 
ClearlyJacob18, Fri Jan 29 04:51:36 +0000 2021, -81.734812, 41.384923, @GregoryanChant I want to wake up tomorrow to 20 cents. 
CollinCornwell, Fri Jan 29 04:51:36 +0000 2021, -96.761753, 32.819858, @stoolpresidente take one look at that Martin Shkreli lookin ass. guilty. 
lovethatnicole, Fri Jan 29 04:51:36 +0000 2021, -97.754724, 30.323346, Sorry I hate my life rn so all I have is the gym ma‚Äôam 
JohnyKeats, Fri Jan 29 04:51:36 +0000 2021, -117.239779, 33.184921, @laurenboebert Lauren, how dare you? Survive a slaughter, then behave so bravely. 
AlexDRocca, Fri Jan 29 04:51:37 +0000 2021, -73.968542, 40.780709, Robinhood is verrry Silicon Valley Pied Piper camp 
Sharon11609729, Fri Jan 29 04:51:37 +0000 2021, -79.913521, 43.260695, @wsteaks @RepLizCheney Gaetz is still stupid. He does childish things. Remember the gas mask display in house! Barg‚Ä¶ https://t.co/ZLDRbsbYWF 
toddjrichard, Fri Jan 29 04:51:37 +0000 2021, -121.790239, 49.297117, I‚Äôve started a #FollowYourHeart fundraiser for @VarietyBC Children‚Äôs Charity. By making a donation, you are helping‚Ä¶ https://t.co/JbtYurlGMs 
Jesslynm_, Fri Jan 29 04:51:37 +0000 2021, -81.283121, 28.784184, Not to long ago a childhood friend confessed his love for me when we was chilling and I was just there like wth you talking about dog 
GeneGilmore, Fri Jan 29 04:51:37 +0000 2021, -85.491540, 32.597245, Thank make me so happy to hear. 
kailuabicycle, Fri Jan 29 04:51:37 +0000 2021, -157.799589, 21.319944, 10ÂàÜ‰ΩçüöÅÊóãÂõû„Åó„Å¶„Åæ„Åó„Åü„ÄÇ‰∫ã‰ª∂„Åã„Å™„ÄúÔºüÔºüÔºüüòé https://t.co/V7pGarWS0P 
sorrymckenzie, Fri Jan 29 04:51:37 +0000 2021, -98.540651, 29.417501, i always said if i was ever in a position to help somebody, i would. i am now. there‚Äôs no excuse. 
beeharkness, Fri Jan 29 04:51:38 +0000 2021, -82.781350, 28.029418, Maddi said bet and ate another one so I‚Äôm not alone 
metal_moonbaby, Fri Jan 29 04:51:38 +0000 2021, -117.104989, 32.810012, life is so beautiful, such a profound experience 
Cusebeerchick, Fri Jan 29 04:51:38 +0000 2021, -81.562500, 30.628300, Fun night at our neighborhood brewery with this solid go-to NE IPA - Drinking a No Vacancy by SJ Brewing Company @‚Ä¶ https://t.co/BSu7IExdSN 
annacmarroni, Fri Jan 29 04:51:38 +0000 2021, -71.088712, 42.313670, my favorite activity that my cat and i do is when i try to give her her ear infection antibiotics and she shakes he‚Ä¶ https://t.co/2mEnhRAKYF 
lilstoneddevil, Fri Jan 29 04:51:38 +0000 2021, -98.422527, 34.620960, @Txkoda this was possibly my favorite reason to be up at 5 am ever 
jaerglass32, Fri Jan 29 04:51:38 +0000 2021, -82.669467, 40.365160, To the moon!! #doge https://t.co/bOeygCD9sV 
mackenzie042, Fri Jan 29 04:51:38 +0000 2021, -122.360053, 40.553995, My boyfriend finally got a Twitter so obviously now the next step in our relationship is marriage. 
jdrama418, Fri Jan 29 04:51:38 +0000 2021, -122.228685, 37.791994, @evening_pasta Sounds good to me lol 
JackieCreech4, Fri Jan 29 04:51:38 +0000 2021, -79.420865, 38.003376, If imbecile trump had done his fxxx job &amp; not incited a damn insurrection, we wouldn‚Äôt be dealing with this ignoran‚Ä¶ https://t.co/0MnyNEbPGV 
eliuno805, Fri Jan 29 04:51:38 +0000 2021, -115.060000, 36.175400, Just posted a photo @ Sunrise Manor, Nevada https://t.co/O8rOhffetX 
zacarepete, Fri Jan 29 04:51:38 +0000 2021, -86.132449, 39.963250, You can't reach your goals if you don't take a chance 
br524, Fri Jan 29 04:51:39 +0000 2021, -75.224502, 39.740642, Unexpected: Ja Rule in my feed on investing. 
Siua_Sekona, Fri Jan 29 04:51:39 +0000 2021, -111.795567, 40.378213, Detect or to create covid strains? 
patelneel60, Fri Jan 29 04:51:39 +0000 2021, -79.272570, 43.629311, @CoachBombayy @ScotianCanadien Hes just unlucky lol!! Hes back check just gets him in bad situation but the last penalty was really bad! 
LootenantDans7, Fri Jan 29 04:51:39 +0000 2021, -85.491540, 32.597245, I regret to inform all of you I am unable to purchase $DOGE 
jack_thompson33, Fri Jan 29 04:51:39 +0000 2021, -98.540651, 29.417501, @paigebueckers1 ü§íü§¢ 
HumphreyImagi, Fri Jan 29 04:51:39 +0000 2021, -122.678249, 45.518237, Just posted a photo @ Portland, Oregon https://t.co/ZcM68nMhk5 
pangea_FourFive, Fri Jan 29 04:51:39 +0000 2021, -122.347285, 47.465059, Let‚Äôs make this Friday great!!!! 
cooperburns2, Fri Jan 29 04:51:39 +0000 2021, -96.734900, 33.061243, Remind me I ain‚Äôt shit 
_JesscaRabbit, Fri Jan 29 04:51:39 +0000 2021, -121.873730, 37.331159, It‚Äôs so crazy how my brain is always like, ‚Äúturn on Family Guy‚Äù 
everyEarthquake, Fri Jan 29 04:51:40 +0000 2021, -97.517494, 36.285870, USGS reports a M2.12 earthquake, Oklahoma on 1/29/21 @ 4:49:37 UTC https://t.co/2zoyFSL7w3 #earthquake 
jurex3majesty, Fri Jan 29 04:51:40 +0000 2021, -73.948775, 40.655138, ‚ù§Ô∏è https://t.co/75rLXCUQ0T 
kidd_quan2k16, Fri Jan 29 04:51:40 +0000 2021, -81.109617, 32.017285, @themahnetea It‚Äôs your lil nappy head daughter for me üòÇüòÇüòÇ zae is a kii 
ispocka, Fri Jan 29 04:51:40 +0000 2021, -71.421832, 41.817084, Get some dog coin. Spread the wrd we can all make $. 
MrBurks206, Fri Jan 29 04:51:40 +0000 2021, -122.343179, 47.755871, @drussell206 That was an option when I was in the plane. I was like hell to the naw!! 
TyOneOn21, Fri Jan 29 04:51:40 +0000 2021, -85.768241, 37.822244, @wildweatherdan There were 4 things Nana was known for: 1) Born on St Patrick's Day and celebrated every birthday‚Ä¶ https://t.co/IicENM7WQX 
sharpalright, Fri Jan 29 04:51:40 +0000 2021, -75.117998, 40.004866, i have finished this book after 3.5 years. 348,000 word books take time https://t.co/qE0mjmF5ko 
drea_moreno, Fri Jan 29 04:51:41 +0000 2021, -99.858609, 28.528163, How to listen to Taylor Swift https://t.co/sqhhAspRTB 
Mike5754, Fri Jan 29 04:51:41 +0000 2021, -86.791549, 36.200008, @ChrisHorvan They‚Äôre protecting you 
bonnyandrews, Fri Jan 29 04:51:41 +0000 2021, -73.968542, 40.780709, Thank you @LEAD_NYC @AdamDurso for the opportunity to pray for NYC together with the leaders of NYC! 
PerronBread57, Fri Jan 29 04:51:41 +0000 2021, -106.654188, 31.859378, @ElonsBrain Texans and their trucks 
CivicHoodDoon, Fri Jan 29 04:51:41 +0000 2021, -81.197276, 28.588445, I be thinking about the wrong shit at the wrong time #BadAsf ü§¶üèæ‚Äç‚ôÇÔ∏è 
marikaakiram25, Fri Jan 29 04:51:41 +0000 2021, -76.620482, 39.284713, It‚Äôs not bad at all üòÇüòÇ 
qveenexixy, Fri Jan 29 04:51:42 +0000 2021, -149.758794, 61.235042, Lol I‚Äôm sad üòô‚úåüèª 
Jordan_CW_, Fri Jan 29 04:51:42 +0000 2021, -73.968542, 40.780709, That‚Äôs fucking insane lmao 
MsLilySparks1, Fri Jan 29 04:51:42 +0000 2021, -100.076888, 31.168893, Today I taught my (soon to be) 2nd grade HR class for the first time. We found a smiley face in one of the glacier‚Ä¶ https://t.co/dZgrNULq42 
MaggieGnadt, Fri Jan 29 04:51:42 +0000 2021, -122.330602, 47.614817, Can I get an amen https://t.co/YF3PAhocie 
IrvineSch_Music, Fri Jan 29 04:51:42 +0000 2021, -117.782360, 33.689732, #musicteacher #family #irvinefriends #worldclass #irvinestudents #irvinekids #newstudents #registration #register‚Ä¶ https://t.co/D958At0EFP 
imtheonlycyriah, Fri Jan 29 04:51:42 +0000 2021, -73.948775, 40.655138, @Xx_notAJ_xX @SYKKUN0_ @weebpatrol1 @yamaguchismom ‚ù§Ô∏è 
HungThrottle, Fri Jan 29 04:51:42 +0000 2021, -89.014027, 42.553041, @David_Tracey It‚Äôs all about protecting boomers 
KevinSmithburg, Fri Jan 29 04:51:42 +0000 2021, -81.068556, 29.190223, Would be a great series to own a car in with how much excitement there is! 
abecapriles, Fri Jan 29 04:51:42 +0000 2021, -95.446486, 29.838495, H√°galo sentada, sentada en la poceta 
maarriah1, Fri Jan 29 04:51:42 +0000 2021, -76.069946, 36.802541, I know I‚Äôm at peace because shit ain‚Äôt been going my way for a lil minute yet I still ain‚Äôt fold yet I‚Äôm the realist in my book 
SoyAnglada, Fri Jan 29 04:51:42 +0000 2021, -72.570236, 42.171347, @RaymondPollo Aguanta la respiraci√≥n mijo 
__carsen__, Fri Jan 29 04:51:42 +0000 2021, -122.630908, 45.536402, @rosieposiesosie mc is this even a question 
dougischerry, Fri Jan 29 04:51:42 +0000 2021, -121.690190, 37.994012, Smh I only remember the Warrior Dynasty Iggy 
JayHerrington, Fri Jan 29 04:51:42 +0000 2021, -80.149173, 26.150368, A happy 12th birthday to our son Julian! https://t.co/hYNEsdzsGC 
mlop716, Fri Jan 29 04:51:43 +0000 2021, -100.076888, 31.168893, @lisaponyexpress Thank u sis &amp; u as well! 3:30 am comes around to fast! Stay safe. Good night! 
GetLo44, Fri Jan 29 04:51:43 +0000 2021, -76.966270, 38.838649, Imagine me giving af üíØ 
travisfodor, Fri Jan 29 04:51:43 +0000 2021, -122.330602, 47.614817, Hey folks. Late night life update!Feeling a bit bittersweet, but I'll be leaving Microsoft in the coming days. Sa‚Ä¶ https://t.co/1XYjEUDwc4 
Imposter_Pan, Fri Jan 29 04:51:43 +0000 2021, -75.117998, 40.004866, "You hear about the stock market? Fuckin' billionaires." - some neighbor I've never spoken to before 
annecasa, Fri Jan 29 04:51:43 +0000 2021, -117.772917, 34.065450, @kikehndez @jphoornstra We love you too. Good luck and I hope you make it back to the Dodger someday. ‚ù§Ô∏è 
Kaylalozanoo, Fri Jan 29 04:51:43 +0000 2021, -95.085679, 30.346955, I NEED it 
travisfodor, Fri Jan 29 04:51:43 +0000 2021, -122.330602, 47.614817, I've had such a blast the past 4(!) years here working on some wild VR and AR experiences. I've met some awesome, s‚Ä¶ https://t.co/sfOFxS595Y 
texasboy_1990, Fri Jan 29 04:51:43 +0000 2021, -97.285913, 32.779967, I need a new hobby besides work 
john143choco, Fri Jan 29 04:51:43 +0000 2021, -118.030742, 33.830789, I'm at The @HomeDepot in Cypress, CA https://t.co/ggPYxet5sq 
faninoriegaa, Fri Jan 29 04:51:43 +0000 2021, -95.446486, 29.838495, no quiero que mas nadie me hable de amor ,ya me canse .....Esos dolores  los pase üéµ 
JMKortebein, Fri Jan 29 04:51:44 +0000 2021, -93.262046, 44.970610, @johncusack I get the feeling that all this is panic now that their lapdog isn‚Äôt in Oval Office 
yllahte, Fri Jan 29 04:51:43 +0000 2021, -122.160767, 47.450625, @Viajeastral @mexican_fifi Nadie puede tener el craneo mas lleno de esti√©rcol que aquellos que defienden lo indefen‚Ä¶ https://t.co/ipYIF5fQns 
RedheadRalph, Fri Jan 29 04:51:44 +0000 2021, -89.569491, 44.900818, Right behind A Brief Inquiry Into Online Relationships 
Playboymarky, Fri Jan 29 04:51:44 +0000 2021, -76.593943, 24.074967, @_LunaAzul higgs 
fulllerr, Fri Jan 29 04:51:44 +0000 2021, -115.234435, 36.018805, My neighbor is a SMOKE 
TheLegend27LC1, Fri Jan 29 04:51:44 +0000 2021, -119.306608, 37.269176, Cant wait to wake up rich tomorrow 
allisonmxrtinez, Fri Jan 29 04:51:44 +0000 2021, -95.446486, 29.838495, about to get high and eat my cheesecake. i‚Äôm happy. 
SpartanJessica, Fri Jan 29 04:51:44 +0000 2021, -96.053431, 41.275721, Ouch! 
md07119, Fri Jan 29 04:51:44 +0000 2021, -100.588311, 25.333175, @L_ASV Jajajaja est√°s bien menso. https://t.co/TkWkglCqHt 
natesteele44, Fri Jan 29 04:51:44 +0000 2021, -70.389299, 43.523243, Tonight we buy so tomorrow we can eat steak and lobster üöÄüíé 
tone_noflex, Fri Jan 29 04:51:45 +0000 2021, -83.173867, 32.678207, Literally all the time 
thataurusfinest, Fri Jan 29 04:51:45 +0000 2021, -90.011008, 29.982601, @LilDave_David02 Call me Miyah Knowles, Miyah Houston , Miyah Sullivan, Miyah Carey. Yea allat 
_Gawdly_, Fri Jan 29 04:51:45 +0000 2021, -118.411907, 34.020789, @ShawnGoated ü§ûüèΩ‚ù§Ô∏è 
cl19571957, Fri Jan 29 04:51:45 +0000 2021, -81.909858, 26.563046, @ProjectLincoln Douche 
eswillow72, Fri Jan 29 04:51:45 +0000 2021, -87.982156, 41.967728, @SportsGuyAaron Sorry. ü§∑‚Äç‚ôÇÔ∏è 
adamilenich, Fri Jan 29 04:51:45 +0000 2021, -73.968542, 40.780709, @toda @ktopenn *cue the Vulcan mind meld ü§Øspot on, Eric! Trust me, I haven‚Äôt forgotten. Your words are my favorit‚Ä¶ https://t.co/2CxJrn62m5 
mariael32859721, Fri Jan 29 04:51:45 +0000 2021, -80.304663, 25.857732, @Escobarmarga @emuyshondt Toma chocolate paga lo que debes  vas para afuera alcalde corrupto 
yfbmink, Fri Jan 29 04:51:45 +0000 2021, -95.446486, 29.838495, when the approach is right then you‚Äôll get my attention 
JasonWilliamsNY, Fri Jan 29 04:51:46 +0000 2021, -75.770041, 42.746617, How many paternity tests can you fit on a plate? https://t.co/WnVxHtwDnT 
TomVargheseJr, Fri Jan 29 04:51:46 +0000 2021, -111.917026, 40.765805, @DouglasEWood1 @grondin_md @STS_CTsurgery Wow. #Inspirational 
iDefTexasT, Fri Jan 29 04:51:46 +0000 2021, -92.436774, 38.304558, @JPrice1970 Get your money dawg 
tommytatumnews, Fri Jan 29 04:51:46 +0000 2021, -89.876449, 32.571032, @NYCAntifa https://t.co/A8Jihw5Ek1 #stopthesteal protestors chant F*** Antifa. https://t.co/NaNTjYUbzF 
vidlook, Fri Jan 29 04:51:46 +0000 2021, -121.469664, 38.561722, HODL #DOGECOIN  !! 
Hanaleiboy1, Fri Jan 29 04:51:46 +0000 2021, -120.583402, 44.145437, @kharyp Holy shit she is quite ignorant incredibly bad 
julieandry1, Fri Jan 29 04:51:47 +0000 2021, -83.804475, 27.698682, @Kevinliptakcnn Can‚Äôt believe trump let mccarthy walk into his gold gilded, truly hideous looking, old fashioned re‚Ä¶ https://t.co/lm0cmzuvrb 
m0rganlange, Fri Jan 29 04:51:47 +0000 2021, -93.262046, 44.970610, i would die for @tjlavin 
tonyleezy, Fri Jan 29 04:51:47 +0000 2021, -76.794891, 39.368037, i stopped checking on this boy who was having a mental breakdown because when i did he blew me dust. learning to no‚Ä¶ https://t.co/hxKFN6hNDQ 
RealKeisue, Fri Jan 29 04:51:48 +0000 2021, -76.472781, 39.354689, Even when I was your age, before I ever did the readings, I could look at people, complete strangers, and see their‚Ä¶ https://t.co/rslm8hJlSs 
RockinSportz, Fri Jan 29 04:51:48 +0000 2021, -79.272570, 43.629311, @drewtheprinter @LeafsgirlSteph @Leaf4Ever @Not_an_ebug @Leafs_GTA @KLgfeld1 @julijays @MikeLewisTO @RapsLeafsJays‚Ä¶ https://t.co/1FFomRlxmP 
xylodemon, Fri Jan 29 04:51:48 +0000 2021, -119.306608, 37.269176, @GranuailleLing üëÄ 
charleseblack, Fri Jan 29 04:51:48 +0000 2021, -112.124676, 33.552863, my younger self about to learn a valuable lesson about volume and liquidity: 
silvia_cortez_, Fri Jan 29 04:51:48 +0000 2021, -117.104989, 32.810012, https://t.co/8mXZ9yQHoP 
p155a, Fri Jan 29 04:51:48 +0000 2021, -70.996328, 42.419201, Chinese food anyone? ü§îü§îü§î 
mogulTree3579, Fri Jan 29 04:51:48 +0000 2021, -75.386460, 39.145024, I got headache üò£ PaSs the Blicky 
GloryRowley, Fri Jan 29 04:51:48 +0000 2021, -117.220413, 33.809139, @Dogecoinrich I really agree because tax time lol 
glendaaaaa04, Fri Jan 29 04:51:48 +0000 2021, -82.587389, 28.004173, @stefaniagrillo_ 
FreeGerm1k, Fri Jan 29 04:51:48 +0000 2021, -105.068348, 39.899287, Tik Tok is trash. I posted the same video on IG and got more likes and comments in less than a hour then I did on t‚Ä¶ https://t.co/rFMfmAeuty 
GibsonBuck1, Fri Jan 29 04:51:49 +0000 2021, -73.709589, 45.605568, @d_oise Y'ont tu gagn√© la coupe?ü§î 
canicooloff_lb3, Fri Jan 29 04:51:49 +0000 2021, -76.069946, 36.802541, I fucked up on so many fronts this past few months üò≠üò≠üò≠ü§¶üèæ‚Äç‚ôÇÔ∏èü§¶üèæ‚Äç‚ôÇÔ∏èü§¶üèæ‚Äç‚ôÇÔ∏è 
JAdelfio, Fri Jan 29 04:51:49 +0000 2021, -122.160767, 47.450625, @FutureYesterd4y @FuctupMike What the- holy hell- wtf - How does this happen?! üò≥ 
TorianoSenior, Fri Jan 29 04:51:49 +0000 2021, -74.985076, 39.710994, https://t.co/P9FEfUg6kY 
salas79, Fri Jan 29 04:51:49 +0000 2021, -100.366033, 25.650287, En el partido de hoy 0 remates al arco Hahahaha pero hace d√≠as andaba callando gente jajajajaja @aldorodriguezv que opinas compadre 
jpsinghh, Fri Jan 29 04:51:49 +0000 2021, -118.411907, 34.020789, India respects every religion, the farmer respects every religion as a true Indian. Jai jawanJai Kisan‚Ä¶ https://t.co/pHjIobSObz 
LARamsClubofNY, Fri Jan 29 04:51:49 +0000 2021, -73.968542, 40.780709, @RamsNFLReport Leaving only one branch from the McVay coaching tree that hasn‚Äôt been picked up. https://t.co/A5oen4PkOc 
gigiaserrano1, Fri Jan 29 04:51:49 +0000 2021, -95.446486, 29.838495, Why people capping on method man when some of y‚Äôall Ex‚Äôs ... nvm 
Raaulmc, Fri Jan 29 04:51:49 +0000 2021, -107.342056, 24.662488, Owa owa 
AngieLoveWard, Fri Jan 29 04:51:49 +0000 2021, -97.558144, 35.569073, @Rosie üíöüíöüíî 
tjvondey, Fri Jan 29 04:51:49 +0000 2021, -93.248186, 30.137675, Trynna stay üîí in. #covidseason https://t.co/GoEQnmXgwE 
TristenJWinger, Fri Jan 29 04:51:49 +0000 2021, -118.411907, 34.020789, @Gail_BeAN I know all too well. The Covid police did NOT let up. Looking forward to watching you tear it upü§ó 
B46751, Fri Jan 29 04:51:50 +0000 2021, -79.420865, 38.003376, @MegLavDC I‚Äôm still laughing! 
ReyvinNychole, Fri Jan 29 04:51:50 +0000 2021, -96.761753, 32.819858, When we both finally agreed on the same place to eat @ScottiePiff_ ü§™ https://t.co/9V3UaB5jry 
TrusteeDAmico, Fri Jan 29 04:51:50 +0000 2021, -79.272570, 43.629311, #BellLetsTalk b 
macpherson_a, Fri Jan 29 04:51:50 +0000 2021, -122.818486, 49.111519, @SpeaksCory üôèüèª 
NijaMonai_, Fri Jan 29 04:51:50 +0000 2021, -84.433106, 33.767195, what other people think of you is NONE OF YOUR BUSINESS !!! Now move on from that üíØ 
chrisseguin_, Fri Jan 29 04:51:50 +0000 2021, -79.272570, 43.629311, #BellLetsTalk #BellCause 
fattysel, Fri Jan 29 04:51:50 +0000 2021, -118.411907, 34.020789, que perra mi amiga https://t.co/TEqH5A7U1k 
SLBahr, Fri Jan 29 04:51:50 +0000 2021, -112.124676, 33.552863, @ByIanJames @USATODAY @nickoza1 @azcentral @azcenvironment @WWAnews @usatodayweather @ColoradoWater That must be wh‚Ä¶ https://t.co/szmbNm1lqm 
robbiefaulk247, Fri Jan 29 04:51:50 +0000 2021, -89.876449, 32.571032, @JonSokoloff @WillieG___ get better, dude 
teslaunivrse, Fri Jan 29 04:51:51 +0000 2021, -74.063787, 40.778489, Try to stay away from ‚ÄúGet Rich Quick‚Äù schemes. Focus on building real wealth by investing in solid disruptive companies like $TSLA üìà 
GSDOUBLEU, Fri Jan 29 04:51:51 +0000 2021, -121.998644, 37.973327, Why the hell is Chris Webber pronouncing Paschall like he‚Äôs French?? ü§£ü§£ü§£ 
CitronLeft, Fri Jan 29 04:51:51 +0000 2021, -75.117998, 40.004866, Jail time for you üí©üí©üí© 
JESavageIII, Fri Jan 29 04:51:51 +0000 2021, -94.378332, 39.088004, @ValiantComics #XOManowar https://t.co/2XDsPOEdBx 
fistonmat, Fri Jan 29 04:51:51 +0000 2021, -79.272570, 43.629311, https://t.co/wumLIH8bqe 
SammyJSammyJ, Fri Jan 29 04:51:51 +0000 2021, -71.508912, 41.696719, Gilbert steals from children. I can no longer be a fan üòî 
FeinViolins, Fri Jan 29 04:51:51 +0000 2021, -93.105649, 44.941516, Here‚Äôs a string geek tie-in to the #spacelaser - The great cellist Gregor Piatigorsky was married to one of the‚Ä¶ https://t.co/6McEdfQtU4 
haaileyjames, Fri Jan 29 04:51:51 +0000 2021, -110.915573, 32.189391, @Noboaty @jrw01234 @legallyisisane @KevinHart4real @chrisrock @fluffyguy https://t.co/QUG5vmsoCb 
Punjab_Singhs_, Fri Jan 29 04:51:52 +0000 2021, -73.723025, 45.557830, #‡§∞‡§æ‡§ï‡•á‡§∂_‡§ü‡§ø‡§ï‡•à‡§§_‡§π‡•Ä‡§∞‡•ã_‡§π‡•à Respect 
ikeigha, Fri Jan 29 04:51:52 +0000 2021, -118.411907, 34.020789, Year 3 in LA: will I finally purchase an umbrella for rainy season? 
zachculpeper, Fri Jan 29 04:51:52 +0000 2021, -95.446486, 29.838495, üî•#ùêîùêèùêÉùêÄùêìùêÑ: No flames or smoke are visible from the exterior of the building. #BreakingNews https://t.co/g2htAhhxoT 
Ron_Corleone727, Fri Jan 29 04:51:52 +0000 2021, -81.469684, 28.586642, Boy I have 531 shares in #dogecoin right now. 
CarolMClosson, Fri Jan 29 04:51:52 +0000 2021, -70.075555, 41.753634, ü§© 
LouManoti, Fri Jan 29 04:51:52 +0000 2021, -89.266508, 39.739300, https://t.co/PLbYEe9mCh 
511nyLongIsland, Fri Jan 29 04:51:53 +0000 2021, -73.324055, 40.700689, Cleared: Incident on #Montauk from Babylon to Speonk 
511NY, Fri Jan 29 04:51:53 +0000 2021, -73.324055, 40.700689, Cleared: Incident on #Montauk from Babylon to Speonk 
862COBRA, Fri Jan 29 04:51:53 +0000 2021, -71.110820, 42.424952, @MorettiValou83 @NBA @warriors @Suns For a 6th seed team with the third toughest schedule in the league? I think not. 
IvanaaMurphyy, Fri Jan 29 04:51:53 +0000 2021, -73.362771, 40.705082, Why is so windy?!? 
babyyyy_its, Fri Jan 29 04:51:53 +0000 2021, -87.732013, 41.833585, #dogecoin https://t.co/wtzwfdj1Xf 
Outeastmalik615, Fri Jan 29 04:51:53 +0000 2021, -86.791549, 36.200008, üòÇüò≠üò≠üò≠ 
karmenlemke, Fri Jan 29 04:51:53 +0000 2021, -89.569491, 44.900818, Love the energy #5 @leahlemke7 @#üèÄ. Girls prep basketball: Freedom defeats Wrightstown 65-50 https://t.co/BUOS4XiObF via @postcrescent 
Ron5810, Fri Jan 29 04:51:53 +0000 2021, -83.804475, 27.698682, @KatiePavlich @jennifermcfarl4 K thru 12 schools in Florida have been open all year without incident. The teachers‚Ä¶ https://t.co/qDxYuoa2G4 
robPEEPerson, Fri Jan 29 04:51:54 +0000 2021, -82.669467, 40.365160, I was there for this üó£üó£üó£ 
__misssindiaaa, Fri Jan 29 04:51:54 +0000 2021, -86.142922, 39.779562, @BIGsteppa88 girl i was pissed ! i still need a dress lol 
janyceshinaya, Fri Jan 29 04:51:54 +0000 2021, -111.547029, 39.499762, @SheGotClarity Can‚Äôt wait bb!ü•∞üòò 
JtorresAZ, Fri Jan 29 04:51:54 +0000 2021, -112.124676, 33.552863, @filosofella @UteorSki @thehill What are you talking my argument was that's a stupid fucking tax what are you saying to me? 
junk_english, Fri Jan 29 04:51:54 +0000 2021, -75.219731, 39.446997, Mood https://t.co/4jyxDaOIiK 
zane_sands, Fri Jan 29 04:51:55 +0000 2021, -75.770041, 42.746617, pain 
CROOKEDH0USE, Fri Jan 29 04:51:55 +0000 2021, -122.279521, 37.875845, free @cryboarding 
DaveFultonWrang, Fri Jan 29 04:51:55 +0000 2021, -80.846785, 35.209059, @BigClaude5 Past your bedtimeüòÄ 
lukeburgis, Fri Jan 29 04:51:55 +0000 2021, -77.014398, 38.898603, @ghostofchristo1 Where did you come up with such an idea 
TysonLW, Fri Jan 29 04:51:55 +0000 2021, -123.206851, 49.360748, @sbdshanny @CoreyHirsch Thank you for taking the time to listen @sbdshanny üôèüèº means a lot. #BellLetsTalk 
Jade_Hugs_Trees, Fri Jan 29 04:51:55 +0000 2021, -78.636469, 43.866011, ‚ÄúMobile meditation‚Äù ‚¨áÔ∏è#activetransportation #selfcare  #ClimateAction #mentalwellness #BellLetsTalk 
OfficialYBNorbs, Fri Jan 29 04:51:55 +0000 2021, -88.091180, 42.032345, IM NOT FUCKIN SELLIN // LETS GO TO THE MOON üöÄüöÄüöÄüìàüìà #dogecoin https://t.co/QqXFh2DrPY 
d4vvv, Fri Jan 29 04:51:55 +0000 2021, -81.705467, 41.495940, it ain‚Äôt over till I say we done ! 
SimplyCarla7, Fri Jan 29 04:51:56 +0000 2021, -83.173867, 32.678207, @theNFLchick What‚Äôs the hashtag??? 
LoMosWorld, Fri Jan 29 04:51:55 +0000 2021, -80.244984, 36.087169, Y'all haven't seen me in a while so here goes...You know you're sleepy when you start doing stuff like this. ü§£üòÇü§£‚Ä¶ https://t.co/d78Vyu1wOk 
halleyrosexo, Fri Jan 29 04:51:56 +0000 2021, -81.393653, 28.664804, Nooooooooooo 
FQMemphis, Fri Jan 29 04:51:56 +0000 2021, -98.258735, 29.584679, The officiating was just embarrassing 
smolllcock, Fri Jan 29 04:51:56 +0000 2021, -83.804475, 27.698682, I'm gonna say hey just to see what's up cause it's been like 2 months since a woman I didn't pay made me cum 
silvia_cortez_, Fri Jan 29 04:51:56 +0000 2021, -117.104989, 32.810012, IM STUCK HELMWMJENEBD 
sorrymckenzie, Fri Jan 29 04:51:56 +0000 2021, -98.540651, 29.417501, @iRogerDodger this shoulda banged 
MikeKATU, Fri Jan 29 04:51:56 +0000 2021, -122.871814, 45.491334, @ambo92569815 Right.  This was in the morning, so red skies warning of changing weather 
pittman_nairobi, Fri Jan 29 04:51:56 +0000 2021, -115.290470, 36.233074, I'm so in love with Brittani's accent üòçüòçüòçüòçüòçüòçüòçüòç.....#HellsKitchen 
davbeltran, Fri Jan 29 04:51:56 +0000 2021, -100.293591, 25.641718, @ManuelC94574334 Aver cuando te dejas ver üòàüî•üôà 
loeraa08, Fri Jan 29 04:51:57 +0000 2021, -100.293591, 25.641718, Era falso, si me cobraron pero exis, ser√° mi autoregalo de cumple üôÉ 
YGBSM, Fri Jan 29 04:51:57 +0000 2021, -98.540651, 29.417501, a million times this üëá 
JayBreezy_242, Fri Jan 29 04:51:57 +0000 2021, -84.426804, 46.532680, Lmfaoo 
thelobster22, Fri Jan 29 04:51:57 +0000 2021, -122.194398, 47.481598, @ThompsonScribe stick to shooting 3s 
LITTANY_, Fri Jan 29 04:51:57 +0000 2021, -115.223125, 36.232915, Everyone be giving away money on cashapp and not Venmo like boy help me out I‚Äôm banned 
HardoHive, Fri Jan 29 04:51:57 +0000 2021, -84.433106, 33.767195, @HardFactorPat Tin foil 
BAGCHASERSHITT, Fri Jan 29 04:51:58 +0000 2021, -77.493170, 37.529883, Bday need face in it like this ü§§ü§§ 
itsrosybgarcia, Fri Jan 29 04:51:58 +0000 2021, -118.156711, 33.809172, @alexmaldo404 Never had Salvadorian food 
_MJI93, Fri Jan 29 04:51:58 +0000 2021, -77.604684, 41.117936, i gotta stop drinking pre workout after 6pm smh i can never fall asleep 
KateColbert, Fri Jan 29 04:51:58 +0000 2021, -87.883405, 42.589265, Chris asking Paige about her sex drive &amp; her sexual history before sending her off to talk to daddy so he can tell‚Ä¶ https://t.co/IXtK3pvzuK 
TorianoSenior, Fri Jan 29 04:51:58 +0000 2021, -74.985076, 39.710994, https://t.co/kq2N5tlePl 
CatrinaRazvan, Fri Jan 29 04:51:58 +0000 2021, -75.117998, 40.004866, And The World Has Expanded Not By That At The Fuck All. ‚ú®üå¥ ‚ú®ü¶Ñ‚ú®But The World Expanded Is The Best That Has Happene‚Ä¶ https://t.co/qVtFMEC9EU 
arvind2720, Fri Jan 29 04:51:58 +0000 2021, -83.173867, 32.678207, @bblock29 No. Because they are so fucked up living in shit they don‚Äôt know how to 
xchuulax, Fri Jan 29 04:51:58 +0000 2021, -121.300425, 37.980826, You‚Äôre psycho if you like boneless wings. 
emolyxo, Fri Jan 29 04:51:58 +0000 2021, -89.017567, 42.257146, i feel like a crip cus i cant even trust my blood 
joshalbertson01, Fri Jan 29 04:51:58 +0000 2021, -97.754724, 30.323346, https://t.co/JefRMzm4JS 
kayla_macias, Fri Jan 29 04:51:58 +0000 2021, -118.411907, 34.020789, üò≠üò≠üò≠ 
thearmogidaship, Fri Jan 29 04:51:58 +0000 2021, -118.080867, 34.138727, @luke_piotrowski @dgrunert Oh, I learned today at a dinosaur  safari thing with my kids (Jurassic Quest) that the v‚Ä¶ https://t.co/N9lEXkXDdb 
daveoneillsf, Fri Jan 29 04:51:59 +0000 2021, -122.330602, 47.614817, @Latina_Schatje Yes. 
DifficultBri, Fri Jan 29 04:51:58 +0000 2021, -96.761753, 32.819858, #AODFRIDAYS üî•üî• https://t.co/cAluqBDAZd 
raayyyyy_rayyyy, Fri Jan 29 04:51:59 +0000 2021, -115.038337, 36.006256, High thoughts, do you start your bath with you in it or wait for it to fill up? 
cronair, Fri Jan 29 04:51:59 +0000 2021, -111.860965, 40.572456, @DearOldCrimson I think Denver will be just fine 
memberglobalzer, Fri Jan 29 04:51:59 +0000 2021, -100.076888, 31.168893, @roknrolzombie My brother-in- law is from Russia. He is here for that reason. I wish someone could do something. We‚Ä¶ https://t.co/LqOnHxcBQt 
ParkerFoti1, Fri Jan 29 04:51:59 +0000 2021, -77.604684, 41.117936, Limited buys aren‚Äôt good enough that‚Äôs not free and fair trade @RobinhoodApp I guess it doesn‚Äôt really matter (for‚Ä¶ https://t.co/dsDilb1mkl 
heyleighak, Fri Jan 29 04:51:59 +0000 2021, -87.732013, 41.833585, Lmao honestly it‚Äôs entertaining as fuck tonight for basically the cost of getting take out so WHATEVER!!  #dogecoin‚Ä¶ https://t.co/CKEHJSlcwb 
EdwardFordCBS6, Fri Jan 29 04:51:59 +0000 2021, -75.770041, 42.746617, How does it feel to beat the dirty Islanders @Capitals fans? ü§î üòä üòé! 
daviid303, Fri Jan 29 04:51:59 +0000 2021, -117.562152, 34.121670, Fall back game in full affect. 
mambomicah, Fri Jan 29 04:51:59 +0000 2021, -79.980689, 40.431389, Anyone else think it‚Äôs hilarious that an app called @RobinhoodApp is ‚Äústealing‚Äù from the ridiculously rich to give‚Ä¶ https://t.co/I8BVNUlBWg 
jkaufmanconsult, Fri Jan 29 04:52:00 +0000 2021, -73.337097, 40.803076, @Columbia https://t.co/hAhoJbbFyv 
ayiar_, Fri Jan 29 04:52:00 +0000 2021, -90.110051, 29.881880, darria done took one for the team, man i‚Äôm proudü•∫ 
nicoledmolina, Fri Jan 29 04:52:00 +0000 2021, -117.924892, 33.889347, @GenerationPart3 @nolman29 Yoo... 
KatieD_PhD, Fri Jan 29 04:52:00 +0000 2021, -115.223125, 36.232915, This gave me a good Chuckle. Pun intended. 
Goldtrafficker, Fri Jan 29 04:52:00 +0000 2021, -95.446486, 29.838495, @elonmusk can Doge be the future? 
noedelacrux, Fri Jan 29 04:52:00 +0000 2021, -100.270474, 25.736715, @SancadillaNorte ¬°BRUJO! 
Robles_Fidel57, Fri Jan 29 04:52:00 +0000 2021, -118.159729, 34.035297, üò≠ 
tanzil_bawani, Fri Jan 29 04:52:00 +0000 2021, -97.754724, 30.323346, Stocks stocks stocks that‚Äôs all we talking about üò™üò™üò™ 
AyoCruz11, Fri Jan 29 04:52:00 +0000 2021, -120.987468, 37.663817, @deysiramirez26 It‚Äôs grandpa and grandma that‚Äôs why! Lol 
AyeYoD1Flem, Fri Jan 29 04:52:00 +0000 2021, -81.469684, 28.586642, I don‚Äôt do stuff like that lol üòÇ 
jamaicaklove, Fri Jan 29 04:52:01 +0000 2021, -112.124676, 33.552863, @sankofadom pls üò≠üò≠üò≠ 
ancheyta_0402, Fri Jan 29 04:52:01 +0000 2021, -100.293591, 25.641718, Que piensa el gobernador de Nuevo Le√≥n al tener la econom√≠a parada ! Todo est√° cerrado, tiene que pensar la econom√≠‚Ä¶ https://t.co/sg6W98qBIU 
tommytatumnews, Fri Jan 29 04:52:01 +0000 2021, -89.876449, 32.571032, @washcoauditor 
VaughnMichael13, Fri Jan 29 04:52:01 +0000 2021, -80.134929, 40.266725, Here are alternate color scheme and final approval paint scheme prototypes for the @NECA_TOYS @MirageStudios @TMNT‚Ä¶ https://t.co/2o98n4N6Ct 
EarthquakesOKC, Fri Jan 29 04:52:01 +0000 2021, -97.517494, 36.285870, A magnitude 2.12 #earthquake occurred at 10:49 PM in Oklahoma. Details: https://t.co/8j4rSIVwyx 
PacmanJones18, Fri Jan 29 04:52:01 +0000 2021, -81.109617, 32.017285, You can fool the rest of the world, as long as the pote know. 
stakz_will, Fri Jan 29 04:52:01 +0000 2021, -73.948775, 40.655138, @MadameSquirter As long as you know ü§£ 
jenlani4816, Fri Jan 29 04:52:01 +0000 2021, -74.003782, 41.553343, @DanteMedema So sorry for your loss! 
Jmoz_A, Fri Jan 29 04:52:01 +0000 2021, -117.585658, 33.859093, @gullygirllaila 5 bucks 
kenannrodgers, Fri Jan 29 04:52:01 +0000 2021, -101.897173, 33.570526, See a lot of dudes but not a lot of men ü•± 
hiddenbeams, Fri Jan 29 04:52:01 +0000 2021, -73.948775, 40.655138, @WLOYisPlaying thanks again! 
JillMBussey, Fri Jan 29 04:52:01 +0000 2021, -77.236969, 38.805115, These people have to go. If you are willing to stand in the cold this long to intimidate people seeking prenatal an‚Ä¶ https://t.co/HffyfrfAr0 
tayduren, Fri Jan 29 04:52:01 +0000 2021, -118.369645, 34.087010, @chrtucci https://t.co/f5cDnZtMPj 
saenzr03, Fri Jan 29 04:52:02 +0000 2021, -73.831187, 40.670879, @SJP what a great article! You captured so many feeling about loving #NYC. What you said about being on the train w‚Ä¶ https://t.co/LDjtqDm7mt 
lucasanolasco, Fri Jan 29 04:52:02 +0000 2021, -75.117998, 40.004866, @SabrinaAnnLynn Why Sabrina has to act differently or some riot of way ? But Olivia gets a free pass? . I get it th‚Ä¶ https://t.co/NmdDzoDAPU 
ShumakerSeth, Fri Jan 29 04:52:02 +0000 2021, -118.411907, 34.020789, food. w/ @xoxochitl30 https://t.co/TGmULYXcRP 
andros10, Fri Jan 29 04:52:02 +0000 2021, -117.022695, 38.502147, @sofialiotoo Wasted ü§£ü§£ü§£ https://t.co/LhP3JE1ADC 
HoeItsRoCuervo, Fri Jan 29 04:52:02 +0000 2021, -79.420865, 38.003376, @mizAK122 Lol where‚Äôs the confidence 
Phoreign_06, Fri Jan 29 04:52:02 +0000 2021, -78.657837, 35.843981, @alcionjai LMFAOOOO üòÇ 
jennifermuro, Fri Jan 29 04:52:02 +0000 2021, -118.411907, 34.020789, Do you know how hard it is to find a Jews in Space Mel Brooks gif? More difficult than you think. 
DelbraLindsey, Fri Jan 29 04:52:02 +0000 2021, -84.212973, 33.850397, Amen 
mariahblowpez, Fri Jan 29 04:52:02 +0000 2021, -119.034349, 34.225328, @bullDOELZEr Me to myself https://t.co/vLyPSv3bT8 
Armstrong_VO, Fri Jan 29 04:52:03 +0000 2021, -118.411907, 34.020789, To hook and hold an audience's interest the actor‚Äôs performance must tap into both sides of human nature - intellec‚Ä¶ https://t.co/6vXO1F76DP 
hyndoozy, Fri Jan 29 04:52:02 +0000 2021, -122.330602, 47.614817, Made some afternoon moves with the crew today, took advantage of that day between semesters for some self care and‚Ä¶ https://t.co/tG4wK1Ca33 
ayelvington, Fri Jan 29 04:52:03 +0000 2021, -77.604684, 41.117936, @Buckhout_Bull Snow, but it feels good anyway. 
KalihiHammer, Fri Jan 29 04:52:03 +0000 2021, -157.799589, 21.319944, Okay shit is getting real 
B_Yvonne_, Fri Jan 29 04:52:03 +0000 2021, -117.320879, 33.226316, ‚ÄúHey stinka‚Äù lmaoooo @ my last RT...Those Future memes have me üíÄ 
RedRoseQueen1, Fri Jan 29 04:52:03 +0000 2021, -115.037412, 36.105865, I wouldn't fuck a Republican with Susan Sarandon's vag. https://t.co/EExFr9SEx1 
QuakesToday, Fri Jan 29 04:52:03 +0000 2021, -97.517000, 36.286000, 2.1 magnitude #earthquake. 21 km from Perry, #OK, United States https://t.co/ErHz05ZfNs 
AlexanderNewsSh, Fri Jan 29 04:52:04 +0000 2021, -83.804475, 27.698682, @TimShriver @mtgreenee Hey Timmy the Hypocrite @TimShriver. How about you dont mix Politics with your Nonprofit the‚Ä¶ https://t.co/qAXuPsvWIP 
VeeLopez6, Fri Jan 29 04:52:04 +0000 2021, -110.915573, 32.189391, @CouveOne It was fun watching the stream 
atlstoryteller, Fri Jan 29 04:52:04 +0000 2021, -84.433106, 33.767195, Thank you Senator @ossoff. This will not only honor the congressman  but my mother and others who worked alongside‚Ä¶ https://t.co/hS56xXmQHp 
11Alexolvera, Fri Jan 29 04:52:04 +0000 2021, -118.411907, 34.020789, @finding___memo_ You always do. 
LeandroResLac, Fri Jan 29 04:52:04 +0000 2021, -73.968542, 40.780709, @RaulFigueiredo_ nossa amigo, n√£o. No Brasil a gente vai no shopping e fica pronto em 1h. Aqui √© uma lenga lenga co‚Ä¶ https://t.co/XsJP507Arr 
devdard, Fri Jan 29 04:52:04 +0000 2021, -90.479380, 30.482053, Can we talk about the time I met Kathy Bates lmaoooooooo she was so awesome https://t.co/GEBjWhtsQ2 
141Wesley, Fri Jan 29 04:52:04 +0000 2021, -93.280892, 31.039067, @SefinaCarla Nudes oo nudes 
BernieArchieMac, Fri Jan 29 04:52:04 +0000 2021, -81.600000, 34.290000, Funny and Sad but true @ Newberry County, South Carolina https://t.co/lMOENR0B8T 
Yankeereport28, Fri Jan 29 04:52:04 +0000 2021, -73.207838, 41.259947, @oto_rob @JulianGuilarte1 Perhaps 
jacquelinejesss, Fri Jan 29 04:52:04 +0000 2021, -117.851089, 33.842863, Ordered taco boy ü§§ 
StephenEspino15, Fri Jan 29 04:52:04 +0000 2021, -119.319975, 47.194872, Ima light this splifff to the faceeee rqqq brbüöóüçÅ 
unholy_high, Fri Jan 29 04:52:04 +0000 2021, -73.948775, 40.655138, jake was presumptive. but heath knew he woke be and that‚Äôs worse 
billydakidd03, Fri Jan 29 04:52:04 +0000 2021, -118.304659, 33.923822, https://t.co/HGQMNI2kxa 
BaskinRbns, Fri Jan 29 04:52:04 +0000 2021, -77.189442, 44.292637, @MORNlNGSTARK 
apariciogulmar, Fri Jan 29 04:52:04 +0000 2021, -98.362531, 25.836568, @westrupsamantha Ya mero https://t.co/sqAUiUDM5M 
PhillztheMC, Fri Jan 29 04:52:05 +0000 2021, -84.433106, 33.767195, Hater talking never made me mad. üçæ 
__misssindiaaa, Fri Jan 29 04:52:05 +0000 2021, -86.142922, 39.779562, @MoneyHungryVes hey king 
GregoryanChant, Fri Jan 29 04:52:05 +0000 2021, -84.662732, 39.223888, @ClearlyJacob18 Make sure to wear your pajamas backwards 
YoungG8593, Fri Jan 29 04:52:05 +0000 2021, -71.800000, 42.300000, Just posted a photo @ Massachusetts https://t.co/5oKgKuip37 
EAlvarado195, Fri Jan 29 04:52:05 +0000 2021, -95.118550, 29.793678, Real Shit , any dude who put hands on a woman is a straight bitch. 
CroweShowe, Fri Jan 29 04:52:05 +0000 2021, -83.963842, 35.982470, @ochocinco @terrellowens @johnson_chauncy @85mom Sorry to hear about your loss dude. Hope all is well with you and yours ‚ù§Ô∏è 
jacobbaskin, Fri Jan 29 04:52:05 +0000 2021, -73.948775, 40.655138, @A320Lga In 2009 right before the doomsday cuts, I lived on 4th Ave and had a girlfriend by the Marcy stop. Pretty‚Ä¶ https://t.co/KHkyUOjk4R 
KnowTea, Fri Jan 29 04:52:06 +0000 2021, -86.856560, 33.124701, So tired. Too old to work these hours. 9 am - 9:30 pm today, 8:30 am - 10:30 pm tomorrow, 9 am - 10:30 am on Saturd‚Ä¶ https://t.co/VtDjmT6Sen 
madebytoyaa, Fri Jan 29 04:52:06 +0000 2021, -76.887208, 38.993539, Raffle time ü¶ã Good LucküçÄüëçüèΩGuess the lucky items with This package üëáüèΩüëáüèΩüëáüèΩüëáüèΩüëáüèΩ‚Ä¢‚Ä¢‚Ä¢‚Ä¢#madebytoyaaüíó #winner‚Ä¶ https://t.co/Ff0UKUg6lG 
ujohnson3, Fri Jan 29 04:52:06 +0000 2021, -90.011008, 29.982601, I‚Äôm trying to watch Wolf on Wall Street tonight lol 
rhondalevaldo, Fri Jan 29 04:52:06 +0000 2021, -98.319925, 38.498196, @greezyfosheezy Pound that cake lol 
spregasaur, Fri Jan 29 04:52:06 +0000 2021, -71.088712, 42.313670, @robochuck20ten @SuupurS @MattBarnette @GenelJumalon Where did this person indicate what jobs they do? How do you k‚Ä¶ https://t.co/NR4jsHipRJ 
imtheonlycyriah, Fri Jan 29 04:52:06 +0000 2021, -73.948775, 40.655138, @stantsukkiyama In all there is no way they are straight 
pattmatt66, Fri Jan 29 04:52:06 +0000 2021, -87.204659, 30.454791, @NFL @TailgateWithUs @Chiefs @Buccaneers I am a Saints fan but I think Brady is a great quarterback so I am pulling for Tampaüèà 
cxthy_x, Fri Jan 29 04:52:07 +0000 2021, -80.244984, 36.087169, tl starting to get v triggering i‚Äôll see y‚Äôall next week or something 
MystaBryan, Fri Jan 29 04:52:06 +0000 2021, -95.446486, 29.838495, https://t.co/tP4oFMBygL 
Anjunajaimeb, Fri Jan 29 04:52:07 +0000 2021, -112.124676, 33.552863, Should I go camping and hiking for my bday or cabin and hiking for my bday? Lol 
nurselillian, Fri Jan 29 04:52:07 +0000 2021, -123.123581, 49.257639, Samsung‚Äôs new robots can keep up with household chores so you don‚Äôt have to https://t.co/bb8XjEo5Jo via @mashable 
ThatDamn_La, Fri Jan 29 04:52:07 +0000 2021, -84.795481, 31.774144, I look at houses and furniture everyday 
ohhkasia, Fri Jan 29 04:52:07 +0000 2021, -122.435979, 37.770657, @_seako AGREED 
darienepps, Fri Jan 29 04:52:07 +0000 2021, -79.857363, 36.090397, shoot from halfcourt &amp; i still get the bucket 
WorldOf_Ki, Fri Jan 29 04:52:07 +0000 2021, -80.846785, 35.209059, I had Bebo, Tagged, and MySpace üòÇ 
TEWelch12, Fri Jan 29 04:52:07 +0000 2021, -97.552161, 35.482844, So who‚Äôs in on that #dogecoin 
Castle_Castro, Fri Jan 29 04:52:08 +0000 2021, -117.386642, 34.097698, Zion tomorrow love that place 
junkieambz, Fri Jan 29 04:52:08 +0000 2021, -97.135638, 32.701850, I‚Äôm finna be up all night 
Rivablue, Fri Jan 29 04:52:08 +0000 2021, -83.173867, 32.678207, Loving this music the premiere and I'd love to interview you 
ArchbishopDen, Fri Jan 29 04:52:08 +0000 2021, -104.922093, 39.713563, @therealchucko @ChrisStefanick Prayers! 
yelzz_, Fri Jan 29 04:52:08 +0000 2021, -100.076888, 31.168893, How that cold feel in Baltimore üò≥üò©? 
surelyogando, Fri Jan 29 04:52:08 +0000 2021, -74.167808, 40.915047, Mi lugar de trabajo deber√≠a cerrar mana debido al fr√≠o üò≠ no joke 
Tremblay4Esther, Fri Jan 29 04:52:08 +0000 2021, -71.341059, 46.855857, @GangstHannah @adeline_jerome @alexandraboily8 @GuenardTommy üëå 
BrendaHazelhur1, Fri Jan 29 04:52:08 +0000 2021, -83.804475, 27.698682, It's the rich. Government doesn't care if ya live or die from covid19 if ya not rich 
gatortail, Fri Jan 29 04:52:08 +0000 2021, -83.804475, 27.698682, @iremozer ƒ∞rem √ñzeri tanƒ±dƒ±m diƒüerleri kim? 
DavidSime1, Fri Jan 29 04:52:08 +0000 2021, -89.329708, 43.059717, @ChrisCuomo We don‚Äôt hear you talking about your brother Charles Manson! Attorney General pretty much called him a‚Ä¶ https://t.co/uxQyvzcniV 
AyyeGabriel, Fri Jan 29 04:52:08 +0000 2021, -119.306608, 37.269176, So everyone into stocks now 
JadePagola, Fri Jan 29 04:52:08 +0000 2021, -82.442694, 27.996595, There's a new political theater show coming soon!! Watch Democrats pretend to give a s*** about short selling and h‚Ä¶ https://t.co/eNrDzSuzg3 
ivan_bezdomny, Fri Jan 29 04:52:09 +0000 2021, -73.948775, 40.655138, @AlbertusBarber SCOTUS should stay in their lane 
Alexsbass24, Fri Jan 29 04:52:09 +0000 2021, -83.534671, 33.000450, @cadebrownlee https://t.co/wApEu820Hu 
Luis_MCR17, Fri Jan 29 04:52:09 +0000 2021, -100.168717, 25.778679, No me cansar√© de decirlo, me encanta cuando los artistas no s√≥lo te dan canciones si no que crean un mundo alrededo‚Ä¶ https://t.co/x2iGW8gr10 
MemoHeartfilia, Fri Jan 29 04:52:09 +0000 2021, -97.547392, 25.558993, Luego, en los comentarios... una parte nota que el wey se r√≠e de todo, y la otra parte justifica que el wey se r√≠a.‚Ä¶ https://t.co/ymA3iIlueA 
FinnZiemer, Fri Jan 29 04:52:09 +0000 2021, -105.063942, 40.564190, @PaulMavrak0s @delaneyallenn Thank you for your vigilance Paul you're doing God's work 
lizzywesson, Fri Jan 29 04:52:09 +0000 2021, -89.922029, 35.133521, @Dentonwx 10,000,000 times and then some 
enkosiUFO, Fri Jan 29 04:52:09 +0000 2021, -90.247824, 38.653771, niggas said ‚Äúfree market‚Äù and was lying they ass off 
ohh_Richhh, Fri Jan 29 04:52:09 +0000 2021, -100.076888, 31.168893, @MegamindNick I‚Äôm going to be sad when he retires KD next? 
BellaTia, Fri Jan 29 04:52:09 +0000 2021, -111.221849, 36.113940, Im full of love and peace but I‚Äôm also with the shits üòå 
KingRene_XIV, Fri Jan 29 04:52:09 +0000 2021, -73.252297, 40.781053, Ahhhh shit here go. The #WBS boys about to hop on $DOGE https://t.co/0XewJTT0QO 
_Sinsemillaa, Fri Jan 29 04:52:09 +0000 2021, -80.269733, 25.944933, Favorite duoüòã 
kimcormack, Fri Jan 29 04:52:10 +0000 2021, -124.807570, 49.234440, #TRAGICFOOLS2021 #TRAGICFOOLS #bookshelfpalace #booksofinstagramüìö #bookstagramfollowtrain #bookstabuddiesüìö‚Ä¶ https://t.co/ZRecRRPunD 
mshadman, Fri Jan 29 04:52:10 +0000 2021, -122.149768, 47.597856, Current Perspectives on the Treatment of Chronic Lymphocytic Leukemia (CLL https://t.co/0WNCU8aZes)leukemia_cll_202‚Ä¶ https://t.co/8UfNeuFT58 
jxqulyne, Fri Jan 29 04:52:10 +0000 2021, -122.334461, 47.307568, I‚Äôm tired of lookin bomb as fuck for no reason 
Nailsbytee_954, Fri Jan 29 04:52:10 +0000 2021, -80.138645, 26.251895, Booking now February &amp; March #teedidit #nailsbytee  #browardnails ClicküëâüèΩ https://t.co/aXwTCFaGTk https://t.co/8TVP7fNqNx 
DawnDailey5, Fri Jan 29 04:52:10 +0000 2021, -122.330602, 47.614817, TSMP is having a Bellingham Comrade come to collect supplies on Saturday to bring back up to Bellingham. Please hel‚Ä¶ https://t.co/vRSxQTZ8lW 
TysonLW, Fri Jan 29 04:52:10 +0000 2021, -123.206851, 49.360748, @ehdohh Just blows my mind he‚Äôs STILL kickin. 
DilDav6, Fri Jan 29 04:52:10 +0000 2021, -101.816092, 35.211115, @JeffDLowe @wolf_burner Listened to that and the Paul Bettany interview earlier today, both were great 
TheEpicPresence, Fri Jan 29 04:52:11 +0000 2021, -73.948775, 40.655138, @sanabria_1942 I mean...everything you‚Äôre saying is true but I‚Äôve literally already made $100s in profit. Looks like $DOGE can be the 2nd? 
dlynnbergs, Fri Jan 29 04:52:11 +0000 2021, -106.632718, 35.117002, @Welpy024 @Zag4Life08 @LissaT1818 @_CoachDave @KREMKarthik How do you know he hasn‚Äôt?!?! This is the whole point.‚Ä¶ https://t.co/wU53Tknkdb 
USUCKYO, Fri Jan 29 04:52:11 +0000 2021, -73.831187, 40.670879, Fucking wow. 
Ferova001, Fri Jan 29 04:52:11 +0000 2021, -115.229180, 31.789670, @lafillevabien Pobre pero limpia 
kingfred91, Fri Jan 29 04:52:11 +0000 2021, -83.173867, 32.678207, @ICuckoldress I would destroy you 
haylierod, Fri Jan 29 04:52:11 +0000 2021, -97.617175, 38.827022, @KelliKRodriguez @SeSalineSports @MattRodriguez35 is too mean to you for you to be calling them out like that ‚ò†Ô∏èü§£ 
dimples_n_tatts, Fri Jan 29 04:52:11 +0000 2021, -92.633835, 32.536900, Dangerous just might be my middle name 
THE_SHU_MAN, Fri Jan 29 04:52:11 +0000 2021, -95.446486, 29.838495, @nick121224 @FakeRileyM @jessthebrowns @dawgpounddaily Where is Baker? https://t.co/GkAKlkA4D0 
Sammybanger, Fri Jan 29 04:52:11 +0000 2021, -118.222017, 33.884968, I am faded 
1k_dariuss, Fri Jan 29 04:52:11 +0000 2021, -83.173867, 32.678207, Dis don‚Äôt even make sense 
test5f1798, Fri Jan 29 04:52:11 +0000 2021, -80.050540, 40.431347, near bsgstblender: bd11f312-80de-45c8-9c53-18d7e256a5ca 
Just_Terrible, Fri Jan 29 04:52:11 +0000 2021, -87.732013, 41.833585, @P_Smoov Nice!!! Always refreshing to find other Tori fans 
jahnaee16, Fri Jan 29 04:52:11 +0000 2021, -82.063185, 33.440717, Yes üò≠ 
giselefetterman, Fri Jan 29 04:52:12 +0000 2021, -79.869133, 40.402198, @onlybetholivera @DoYouEvenLif @BizarreLazar @LeviFetterman ‚ù§Ô∏èüôèüèΩ 
cdgreer_, Fri Jan 29 04:52:12 +0000 2021, -89.569491, 44.900818, Warriors gotta have the most light skin dudes in the NBA 
hotgirlnicci, Fri Jan 29 04:52:12 +0000 2021, -112.379447, 33.646654, gotta trust you ain‚Äôt gonna cross the boundary 
CreepyKellie, Fri Jan 29 04:52:12 +0000 2021, -98.716992, 35.309047, It‚Äôs fun having the info to expose a big band person for how shitty they are but they‚Äôre already cancelled and it‚Äôs not my place. Ahhh. 
jaforbes59, Fri Jan 29 04:52:12 +0000 2021, -90.517684, 38.793047, @jaketapper @brianrayguitar The way she harrassed Hogg, the young survivor on her own damn video defies all standar‚Ä¶ https://t.co/NWD9K6TukN 
ChuckVaughn2012, Fri Jan 29 04:52:12 +0000 2021, -86.647793, 36.471311, @VelusJr @FlowerCitysOwn @arodgers_3 @0fficialC2N @TreySmith73 @lbg_nico7 Man you going to kill it next year. GBO 
mitchbarnhill, Fri Jan 29 04:52:12 +0000 2021, -86.142922, 39.779562, this is high art 
danpolis, Fri Jan 29 04:52:12 +0000 2021, -118.411907, 34.020789, Jews love trees. It‚Äôs literally our thing! 
ramitsaxena, Fri Jan 29 04:52:13 +0000 2021, -123.120033, 49.098261, ‡§µ‡•ã ‡§ö‡§≤‡•á ‡§•‡•á ‡§™‡§Ç‡§ú‡§æ‡§¨ ‡§ï‡•ã ‡§¨‡§¶‡§®‡§æ‡§Æ ‡§ï‡§∞‡§®‡•á ‡§ó‡§≤‡§§‡•Ä ‡§∏‡•á UP ‡§ï‡•ã ‡§≠‡•Ä ‡§ú‡§ó‡§æ ‡§¶‡§ø‡§Ø‡§æ üòÇ ‡§ö‡§æ‡§∞‡•ã‡§Ç ‡§ñ‡§æ‡§®‡•á ‡§ö‡§ø‡§§ üáÆüá≥ #FarmerTikaitVsModiDakait #Tractor2Twitter 
Lenglobal, Fri Jan 29 04:52:13 +0000 2021, -100.332229, 25.675147, Este 14 de febrero dale una sorpresa#sanvalentin #monterreycity #aprenderidiomas en Lenglobal https://t.co/dJ8JkninoA 
DTP57, Fri Jan 29 04:52:13 +0000 2021, -93.639364, 42.032506, @kylegriffin1 B/C she *is* the current Republican Party. America's own Authortarian Party. 
donnac58, Fri Jan 29 04:52:13 +0000 2021, -117.320879, 33.226316, That woman is nuts. She should be carried out in a straight jacket. 
RealDealDiPirro, Fri Jan 29 04:52:13 +0000 2021, -71.095257, 42.842810, Mexican style turkey meatballs topped with a spicy cilantro sauce and cotija cheese https://t.co/kAguSnPIR6 
WTFisCLB, Fri Jan 29 04:52:13 +0000 2021, -88.310447, 42.039940, Amazing. Absolutely amazing 
alphakayla, Fri Jan 29 04:52:13 +0000 2021, -105.123320, 39.685852, every single day is so fuckin weird like, what is 2021 already?????? lmao 
errikkaaa_, Fri Jan 29 04:52:13 +0000 2021, -80.345263, 27.300765, Demi ain‚Äôt let me get my schoolwork done tonight &amp; now won‚Äôt let me sleep üòêü§• 
Montyrk2, Fri Jan 29 04:52:13 +0000 2021, -121.945574, 36.587838, ...he's already responsible for that nightmare death rant and killings Jan 6. Yet people keep asking, well, is he g‚Ä¶ https://t.co/mw8bY5gMnA 
genztrader, Fri Jan 29 04:52:13 +0000 2021, -118.411907, 34.020789, @stoolpresidente https://t.co/js0O7yhYEn 
Numaria7, Fri Jan 29 04:52:13 +0000 2021, -73.449152, 40.717500, @woruksha üòÇ 
timms_IV, Fri Jan 29 04:52:13 +0000 2021, -89.922029, 35.133521, @jcole_x2 Yes! 
kadlac, Fri Jan 29 04:52:13 +0000 2021, -118.411907, 34.020789, @icecreamingmeme https://t.co/mQneQv51Gl 
brooklynonair, Fri Jan 29 04:52:14 +0000 2021, -122.883424, 49.300305, I truly can‚Äôt believe I used to draw on my brows and glue on my lashes every day before college or work.... and now‚Ä¶ https://t.co/H7Xx23ojBu 
daysormay, Fri Jan 29 04:52:14 +0000 2021, -123.123581, 49.257639, what was the first joke 
BRI4NFELIX, Fri Jan 29 04:52:14 +0000 2021, -118.156711, 33.809172, I guess hedges aren‚Äôt fun anymore. https://t.co/uXk979gpv7 
CaribScribe, Fri Jan 29 04:52:14 +0000 2021, -118.411907, 34.020789, @TyreeBP Waiiittt, I just read your bio and see that you‚Äôre a plant connoisseur! üëÄ My job recently moved me from th‚Ä¶ https://t.co/plCm3bRjSf 
BriDatBxtch2, Fri Jan 29 04:52:14 +0000 2021, -87.010551, 34.580925, lol nah fr. 
Trigga_27, Fri Jan 29 04:52:14 +0000 2021, -84.589428, 41.581854, 10 interviews scheduled today. 3 showed up. I honestly don‚Äôt know what the fuck is wrong with people. I don‚Äôt know‚Ä¶ https://t.co/TzaNAT1zX1 
justicemadison1, Fri Jan 29 04:52:14 +0000 2021, -119.306608, 37.269176, @DLee_TPC He‚Äôd be a QC according to usc sources , big time get if we make it happen. 
TooSweettttt, Fri Jan 29 04:52:14 +0000 2021, -117.197082, 33.688047, ü•∫ 
TimNorthburg, Fri Jan 29 04:52:14 +0000 2021, -105.550890, 38.997936, @geostylegeo I didn‚Äôt want to take naps. Now I am an adult I want to take one every day and can‚Äôt. https://t.co/TOILvfO3KX 
kards87, Fri Jan 29 04:52:14 +0000 2021, -111.696468, 40.295113, @ZFauatea @jlinehan9 @BYUfootball @r_rehkow24 @JakeOldroyd39 I would have been on the BBall court crossing the students upüòÇ 
katiemary92, Fri Jan 29 04:52:15 +0000 2021, -78.881800, 42.993664, Hey @Gusbuckets looks like another Great Subway Scandal 
angieecont, Fri Jan 29 04:52:15 +0000 2021, -79.062927, 38.155761, anyone wanna collab???? 
hmmmmkay, Fri Jan 29 04:52:15 +0000 2021, -118.411907, 34.020789, Kerr gets exposed on a nightly basis. Teams miss players and still look good. Kerr had KD, Andre, Klay and Livingston playing sub 0.500 ball 
myahoni, Fri Jan 29 04:52:15 +0000 2021, -91.090800, 30.459100, This dude is sooo needy! üòÇ 
TrishForstner, Fri Jan 29 04:52:15 +0000 2021, -76.517722, 39.360546, @BladesEdgeNZ AWESOME!  Still hunting myself! Hopefully soon! 
CoachDRamey613, Fri Jan 29 04:52:15 +0000 2021, -82.669467, 40.365160, Check out 2022 6'2 PG @tHerona1d #gottakeepgrinding #godfirst #hardworkpaysoff one of the best point guards in the‚Ä¶ https://t.co/ddXDDIsabm 
THECOOKINMAMA, Fri Jan 29 04:52:15 +0000 2021, -115.038337, 36.006256, My question is if there is a Jewish Space Laser the California fires, then where was the @SpaceForceDoD ?!?! https://t.co/MtrsHUB2N2 
mrous_, Fri Jan 29 04:52:15 +0000 2021, -100.293591, 25.641718, Con gignac y Charly se arma! 
ImHoipolloi, Fri Jan 29 04:52:15 +0000 2021, -104.922093, 39.713563, @MysterySolvent Pinky Star Kiss Has Dirt Stuck On it. 
jeffreytumlin, Fri Jan 29 04:52:15 +0000 2021, -122.435979, 37.770657, Thank you, essential transport workers, for all you do 
King_Lok3, Fri Jan 29 04:52:15 +0000 2021, -76.593943, 24.074967, Would you ride for me? 
AsiaLatoya, Fri Jan 29 04:52:15 +0000 2021, -84.433106, 33.767195, @smiilinbiig Lmao I use https://t.co/hg01PUvXPJ 
madebytoyaa, Fri Jan 29 04:52:16 +0000 2021, -76.887208, 38.993539, @QueenZai_ Dm me ‚ù§Ô∏è 
rabin_c, Fri Jan 29 04:52:16 +0000 2021, -122.023841, 37.378397, @seanhannity Stop living rent free in Hollywood 
angieerv_, Fri Jan 29 04:52:16 +0000 2021, -95.446486, 29.838495, ü§£ so true. https://t.co/Je7OdtVE9i 
GNARLIEMANSON, Fri Jan 29 04:52:16 +0000 2021, -82.534354, 28.483847, @hentCRY_ i can confidently say. no meme i have in my phone is better than this. 
Tutti_frutti901, Fri Jan 29 04:52:16 +0000 2021, -89.922029, 35.133521, @goldietaylor ü§£ü§£ü§£ü§£ 
razvanvoinea, Fri Jan 29 04:52:16 +0000 2021, -97.285913, 32.779967, @marwilliamson I still haven‚Äôt even got my 600 lol 
lunanovaxo, Fri Jan 29 04:52:17 +0000 2021, -96.879957, 32.924548, not sure y i feel so hurt &amp; betrayed by kike for leaving la but i do. ngl this kinda reminds me of how i felt when‚Ä¶ https://t.co/V7XgWNOItC 
corymobley, Fri Jan 29 04:52:17 +0000 2021, -98.307530, 29.515320, Just posted a photo @ Texas Muscle and Fitness 2 https://t.co/qXUaOmlnVp 
Carlitosway_97, Fri Jan 29 04:52:17 +0000 2021, -119.726179, 36.681525, Mi mejor amigo se llama Don Benjamin üíµ 
NickCasss, Fri Jan 29 04:52:16 +0000 2021, -111.931711, 34.168253, #DogecoinToTheMoon https://t.co/TltUqVvupF 
crmanor, Fri Jan 29 04:52:17 +0000 2021, -111.917026, 40.765805, @communistrecomp ‚ÄúNothing is more important for communists than to declare that their time is not Capital‚Äôs time.‚Äù -Alain Badiou 
rlconrad7, Fri Jan 29 04:52:17 +0000 2021, -94.561594, 39.204445, ‚ÄúProgressive #Christians talk #LGBTQ  Allyship‚Äù with @thepursuinglife and Teel Short. Today, Jan 28 at 10:00 PM CST‚Ä¶ https://t.co/WjVm0O6iys 
kweekley, Fri Jan 29 04:52:17 +0000 2021, -71.071300, 42.501300, Just posted a photo @ Wakefield, Massachusetts https://t.co/plW0jWiGt8 
jxndxyi_, Fri Jan 29 04:52:17 +0000 2021, -122.435979, 37.770657, shorty got on low dunks doing this shit?? 
JFranklephoto, Fri Jan 29 04:52:17 +0000 2021, -80.731882, 28.313804, @RcSboii Ye 
Its_EDot, Fri Jan 29 04:52:17 +0000 2021, -79.901106, 40.395564, This the one!!! üòÇüòÇüòÇ 
KingofThird, Fri Jan 29 04:52:18 +0000 2021, -77.493170, 37.529883, I am screaming!!!!!! 
Rechler, Fri Jan 29 04:52:18 +0000 2021, -73.474876, 40.858282, @RexChapman She is the line where stupid becomes dangerous 
silvia_cortez_, Fri Jan 29 04:52:18 +0000 2021, -117.104989, 32.810012, GOT IT OFF UAHSJSHWB 
ahaf21, Fri Jan 29 04:52:18 +0000 2021, -90.696841, 35.828626, Up to 2.8! üòÇ 
11Parsecs, Fri Jan 29 04:52:18 +0000 2021, -122.435979, 37.770657, @lipstick_denim Ah, that‚Äôs helpful info, thanks! I didn‚Äôt attend this particular board meeting. Tweeted from second‚Ä¶ https://t.co/Pg5SMp5TCN 
79Nitro1, Fri Jan 29 04:52:18 +0000 2021, -84.433106, 33.767195, not even horny im just woman deprived as fuck. that living vicariously through people a dub now man 
kmambo01, Fri Jan 29 04:52:18 +0000 2021, -81.377500, 28.542100, #kmambo #kmamboradio #TipicoSundayz #beerhoppybros #jimenezsound #YoutubeSuscribete a mi canal de YouTube‚Ä¶ https://t.co/TvNRWEyOga 
BrechelleAMoore, Fri Jan 29 04:52:18 +0000 2021, -74.066663, 40.718001, Y‚Äôall on some bullshit üòê https://t.co/EwSCPmISH7 
JoseAaronCotaG1, Fri Jan 29 04:52:18 +0000 2021, -116.929102, 32.332876, @jgnaredo @Pepillo_Origel Muy bien sigale asi sr jorge chapoy gomez naredo va muy bien..üôè 
NikkiB_Natural, Fri Jan 29 04:52:19 +0000 2021, -118.411907, 34.020789, This was so adorable ü•∫ 
seanpaulmahoney, Fri Jan 29 04:52:19 +0000 2021, -122.630908, 45.536402, #CallMyAgent is so delicious. I‚Äôm watching the season 3 episode with Isabelle Huppert and it‚Äôs sublime‚ú® https://t.co/UHvUnNE3rT 
DaeDae_Lindsey, Fri Jan 29 04:52:19 +0000 2021, -92.017452, 34.204366, @chavarian_avery *mmcht the other bitch jumped off beat like G Whacko &amp; shit ü§£ü§¶üèæ‚Äç‚ôÇÔ∏è 
RavenSherrett, Fri Jan 29 04:52:19 +0000 2021, -119.306608, 37.269176, If someone wants to be my valentine I really want a huge monstera pls 
Milzz89, Fri Jan 29 04:52:19 +0000 2021, -122.818486, 49.111519, #bellletstalk 
CliffTheSav, Fri Jan 29 04:52:19 +0000 2021, -122.296489, 47.442583, It doesn't have no special exceptions written in it... These people are perverting the law 
Niviamo_, Fri Jan 29 04:52:19 +0000 2021, -88.129425, 43.060621, Men are ridiculous üòÇü§¶üèΩ‚Äç‚ôÄÔ∏è 
Coach_CG26, Fri Jan 29 04:52:19 +0000 2021, -122.231788, 47.959950, @kikehndez Thank you!! 
MarteinaBoi, Fri Jan 29 04:52:19 +0000 2021, -82.985772, 39.994684, Beef Tip Shit https://t.co/1A6jZYKUGg 
__misssindiaaa, Fri Jan 29 04:52:20 +0000 2021, -86.142922, 39.779562, @Kahiworld_jet they‚Äôre all closed üò© 
liathetrader, Fri Jan 29 04:52:20 +0000 2021, -72.290782, 40.989538, @OldBlackHack @AOC A****e! 
katie37316104, Fri Jan 29 04:52:20 +0000 2021, -117.104989, 32.810012, @Asheebear33 https://t.co/NG88aCUciM 
L1L0UTHERE, Fri Jan 29 04:52:20 +0000 2021, -97.114771, 33.202495, 8:30 in the morning like fuck is you DOINGGGG 
JuanneyBvby, Fri Jan 29 04:52:20 +0000 2021, -90.055971, 29.912164, üó£üó£ 
Joyce504941, Fri Jan 29 04:52:20 +0000 2021, -79.272570, 43.629311, @JoshMatlow Yesterday 
GeorgiaModi, Fri Jan 29 04:52:21 +0000 2021, -87.732013, 41.833585, Will my experience in turnip stonks help me here? 
ronNcaphill, Fri Jan 29 04:52:21 +0000 2021, -104.922093, 39.713563, @broncos_sacco Brandon had such a high football IQ, was a privilege to watch him do all the little things right. Ne‚Ä¶ https://t.co/kdm3fDOlKG 
AlejandroBa27, Fri Jan 29 04:52:21 +0000 2021, -111.498181, 28.969863, @argeliajocelyn Sacalas 
BadgerJer, Fri Jan 29 04:52:21 +0000 2021, -77.277155, 38.793622, @BrunusCutis @MollyRatty Hard to sign EOs with your heels behind your ears... 
imtheonlycyriah, Fri Jan 29 04:52:21 +0000 2021, -73.948775, 40.655138, @BabyOinkawa Everyone! 
PBevBallNPrep, Fri Jan 29 04:52:21 +0000 2021, -117.585658, 33.859093, Words to live byüëáüèæ my brotha 
southboundduke, Fri Jan 29 04:52:21 +0000 2021, -93.809434, 32.461107, @mrrphoto üëçüèº I don't get there often enough. 
johnwoolleypnw, Fri Jan 29 04:52:21 +0000 2021, -122.656863, 45.666635, @onehandman Bear in mind, most of the traditional financial writers don't have a frame of reference for what happens in this situation. 
Chelsea_retz, Fri Jan 29 04:52:22 +0000 2021, -83.139281, 40.125273, Being a dick won‚Äôt make yours any bigger‚ù§Ô∏è 
anjel_kitty, Fri Jan 29 04:52:22 +0000 2021, -122.972898, 44.936104, @Hair_Nerd @MatAuryn Or was she attack Lon Milo? 
Iamdion_strong, Fri Jan 29 04:52:22 +0000 2021, -76.753805, 39.305508, üòÇüòÇüòÇüòÇ 
blissandblooms_, Fri Jan 29 04:52:22 +0000 2021, -80.846785, 35.209059, I was lucky to have met #cicelytyson... even as a mega star... she was so gracious and kind. RIP üôèüèΩ https://t.co/91i9zyib2t 
MrsZeefles, Fri Jan 29 04:52:22 +0000 2021, -123.022450, 45.005514, @crysignatowski üéâ‚úåüèºü•≥ 
mattjackson5, Fri Jan 29 04:52:23 +0000 2021, -75.117998, 40.004866, @abbydphillip You are right, Abby. Such a sad time we are living in. 
LoreHealy, Fri Jan 29 04:52:23 +0000 2021, -120.882482, 47.273022, @Stig_Ofthedump thank you, Stig! Now I want to see how it prints! 
Taryn_Boyland, Fri Jan 29 04:52:23 +0000 2021, -97.455741, 35.695222, I‚Äôve been up way to long and about to get the best sleep of my life. Gn. 
SIRIREAL, Fri Jan 29 04:52:23 +0000 2021, -79.674847, 44.371263, #warmingcentre #Barrie transit terminal 
MichaelRayNott, Fri Jan 29 04:52:23 +0000 2021, -86.791549, 36.200008, #autoabstraction https://t.co/AmXrS7pGaj 
RaulFigueiredo_, Fri Jan 29 04:52:23 +0000 2021, -74.184848, 40.734494, @vitorhfam Ai brigado, eu nunca acho NADA que eu goste, e olha q so uso √≥culos dentro de casa 
jay_sharp__, Fri Jan 29 04:52:23 +0000 2021, -117.660423, 34.155009, Yes it did 
test5geo1798, Fri Jan 29 04:52:23 +0000 2021, -118.411907, 34.020789, TEST_GEO_Hierarchy: ce15c246-1433-4dee-9faf-13a44e6d0130 
twdecastro, Fri Jan 29 04:52:23 +0000 2021, -118.411907, 34.020789, maggie rhee - walking dead https://t.co/RCgDrojYhP 
test5geo1798, Fri Jan 29 04:52:23 +0000 2021, -119.306608, 37.269176, TEST_GEO_Hierarchy: 665daf59-119e-401e-8d14-809fcf883da6 
EwdatsGROSS, Fri Jan 29 04:52:23 +0000 2021, -87.732013, 41.833585, @spookymorgo Pls wear a striped shirt for effect 
DIKDRAGON, Fri Jan 29 04:52:23 +0000 2021, -75.770041, 42.746617, @TKlaasmeyer Is this fella drunk??? 
test5geo1798, Fri Jan 29 04:52:23 +0000 2021, -122.416738, 37.776796, TEST_PLACE: 1679423a-87a1-44d1-b142-24f3d6c3ecf3 
DelfinPurpura, Fri Jan 29 04:52:23 +0000 2021, -100.365274, 25.807314, @foosbolito Marin 
cxstxneda, Fri Jan 29 04:52:23 +0000 2021, -96.602142, 32.774938, @xvaleriaax Thank you girly ü•∞ 
AnthonyEmerso14, Fri Jan 29 04:52:24 +0000 2021, -70.292545, 43.696187, This is impeachable right 
MALAVlDA, Fri Jan 29 04:52:24 +0000 2021, -118.018856, 33.975918, Literally pulled a ‚Äúdon‚Äôt be sad, go get a tattoo‚Äù and now it looks like I‚Äôm adding another beautiful piece of art to my skin next week Lmao 
